,index,Path66,Path46_SCE,Path61,Path42,Path24,Path45
0,8760,12139.603005492072,3582.6012147347137,14950.354955750645,3735.079861411493,0.0,1997.4543264184695
1,8784,48395.429943141855,1012.681279089833,24671.080502475503,0.0,0.0,2921.4908491125925
2,8808,43088.153748893645,165.12201002683287,19800.687421748484,0.0,0.0,4279.659619883605
3,8832,26714.646737091352,4740.884412318221,24893.915830029273,1155.6851774396123,0.0,378.5370113320373
4,8856,48685.46259861283,9733.296973012904,21197.964264961563,2546.623043843106,0.0,3925.2808536250354
5,8880,49565.50183661205,15185.100090945289,20941.392529377033,3354.5444053901497,0.0,5462.0593396563845
6,8904,45856.153734549174,10922.029556667268,21141.48367069319,5279.872781271873,0.0,1834.225065673097
7,8928,39631.21683353292,17199.852598403635,29889.25160802276,2776.780179626276,0.0,536.7155920743545
8,8952,63453.41614710478,15307.671362190114,26396.36797501404,2393.5762584448285,0.0,1393.2138113474657
9,8976,55365.14026668659,8994.113938786733,23132.03080889543,2423.243564705103,0.0,1759.3299625539187
10,9000,20231.796535924106,8607.861258237706,27687.268906514026,2981.323823462061,0.0,2035.6337905834644
11,9024,44500.09770399728,6938.203649378935,21344.464028203012,2370.4023317058563,0.0,2127.1061599010145
12,9048,60913.00848318156,11515.240490868186,12675.440214250775,4093.795446497004,0.0,1290.4258766413739
13,9072,65510.900971713534,9247.775240068993,24106.922696087222,3417.128916961562,0.0,0.0
14,9096,51762.65201160787,7229.697429415151,23658.51975865597,4422.150878516704,0.0,353.83976601396273
15,9120,63404.17912581806,15975.782083683203,21725.64366422076,3135.4229619589005,0.0,1667.067611440465
16,9144,63761.7896293078,15838.80756871419,17236.930155137445,3622.7390239838596,0.0,1608.6660398627735
17,9168,41922.17193665868,23576.481634048534,20127.520076953326,4210.660391717974,0.0,0.0
18,9192,44644.910637777095,17997.710065207368,14972.180840503053,0.0,0.0,1075.1451085918452
19,9216,51967.995145403445,4754.089395295317,9459.604767809335,840.1146036001562,0.0,4288.123337795592
20,9240,42980.58405159897,8588.765482781286,24289.39384394999,469.2453839664495,0.0,396.12841244226337
21,9264,57097.47168848431,8356.14239752177,25797.581863918327,4231.3917579462095,0.0,0.0
22,9288,52141.794793876776,13681.311151066539,19340.437414622495,2998.005044061219,0.0,2211.93060235627
23,9312,66319.81967034351,18418.636901502734,15305.914625552925,0.0,0.0,1484.9996283746398
24,9336,72450.86953674538,16183.549303194719,10635.911242942622,280.817053388412,0.0,375.04250030914733
25,9360,63686.884037931166,13621.74631516088,8990.159581301143,913.8759031864245,0.0,2586.249535796189
26,9384,61238.97753522451,15275.589162697563,17690.341360559665,454.91921887566764,0.0,3744.5386970092904
27,9408,60644.25652255272,10706.4221832401,12371.79225144132,474.5806175147561,0.0,0.0
28,9432,42165.71224002562,10564.922148721771,11311.468812839914,573.6669111712581,0.0,0.0
29,9456,75098.78563305341,2464.6075086698565,10134.134656558499,956.8708254134899,0.0,802.8501457114924
30,9480,73492.03216932336,6439.295634891099,11992.127421796637,198.85208040206408,0.0,916.7497280171508
31,9504,60067.927036841465,10092.160088206385,29165.000069044967,0.0,369.10949747669633,201.58888230514157
32,9528,51363.95612658442,11399.130481447119,25601.614497027287,3437.2236680560354,226.7818135075483,2178.610551463341
33,9552,56534.02420525625,7263.253309966383,26865.02318403879,3490.2744254059476,279.41063777704346,620.6137479466797
34,9576,59016.61660444687,8059.960848158982,28924.2928541136,1420.7277835276898,655.2010911605239,956.6410677602339
35,9600,61451.57989733547,11696.370001574649,33420.13254398936,4828.299972741303,495.9422650860944,123.5187293096979
36,9624,60496.25578917407,15137.080524752042,26583.7980889887,0.0,557.8927240947545,1067.1872923750748
37,9648,47311.01253442097,15944.974518294759,28932.47628943585,1305.1009017948265,568.2970711383064,0.0
38,9672,52092.04511682589,15122.70611653933,20666.84128775748,1681.825796488673,526.8050411050283,0.0
39,9696,53090.10982925611,10706.207219944694,21814.172057282572,432.59735338441374,551.2830940762278,0.0
40,9720,41994.93850069122,11912.177021840485,21074.076806947425,0.0,320.86636138686447,1112.2714496607996
41,9744,49753.65876428524,9828.389574936411,28033.642827143012,300.0711000200952,600.2357366181151,644.0493660528233
42,9768,35545.62475704524,12336.766933490573,22194.078930242613,670.395676099437,1505.7732841920688,0.0
43,9792,64146.65112370466,16523.28051771337,17925.23376498126,5565.306266149735,1419.3360886430721,1020.7930674318204
44,9816,65505.01021529446,16741.29394339588,10392.351532178358,984.8142563668489,938.2445625173879,0.0
45,9840,6726.477206197346,9781.573399046572,6910.3939657893625,0.0,0.0,3430.30585229597
46,9864,0.0,13861.882755798726,7579.146361518953,877.5070052835288,0.0,2199.4574521331842
47,9888,43116.22371592777,25506.823440129505,13628.749857644238,603.3139732302761,402.61523523335677,0.0
48,9912,36327.0168046983,14377.461978048459,21397.958963554327,2601.361437480553,895.2956892744946,0.0
49,9936,66533.80958648113,15917.964873439203,27746.65230451159,966.1663058233617,865.164348508705,0.0
50,9960,47461.74404616904,10036.023126003956,22164.85397532679,684.6360280551207,780.5772309531721,1526.8468844353679
51,9984,77029.83832164656,21316.245350582394,20394.55031283979,4246.786712899502,1160.1572337162384,1247.843970580126
52,10008,53672.95051656939,20739.031365972485,25776.279550713796,3386.7672832291196,1758.0508454135913,5552.750453647276
53,10032,0.0,18781.33905508394,25930.73774660706,0.0,1613.6096392199338,5101.99505128974
54,10056,0.0,9502.552680549932,15695.458903153623,863.8292449586127,1382.363543353547,225.5410547600618
55,10080,42008.73695765758,8141.562565241458,12202.544365720625,1440.5719479717554,0.0,1192.6818127541778
56,10104,35639.84353180321,9343.194558994359,11190.037258335831,655.8941299788864,1495.7199576898038,0.0
57,10128,47734.87465008909,18246.83987920482,17262.26271653905,4442.214414729674,1195.5330490184417,0.0
58,10152,76198.11941933387,18999.55631462859,20734.19050217988,834.891097169585,792.7269921018908,291.116869165372
59,10176,53485.66444309321,19218.15441200413,35121.43051425167,0.0,0.0,1800.125272991011
60,10200,24517.371470091653,17682.416899005202,24251.497970367134,939.7018476709293,0.0,2927.9011789481433
61,10224,20643.86179691196,13385.06835946217,26555.61718039629,0.0,0.0,1709.059229271492
62,10248,57137.08135606065,9389.46972375823,22038.71026862997,0.0,0.0,3270.5932073923486
63,10272,42253.15479018395,19812.51134355858,33223.46098151045,0.0,0.0,1122.1721252850978
64,10296,55556.57066265005,22474.12525427265,34585.19181873741,0.0,0.0,2371.3821582573946
65,10320,41947.559738554846,21276.56176991543,16007.175994299996,0.0,0.0,1059.6253545283266
66,10344,30315.27131696572,18608.374184003063,15006.114631522441,0.0,0.0,0.0
67,10368,29655.788711177585,20761.326453165733,26388.965255290444,0.0,0.0,1501.1202307645124
68,10392,37431.25336058584,18105.169072613728,27421.716540195608,0.0,0.0,3257.644076379892
69,10416,30706.653371303983,16944.633456694704,25657.082721308336,0.0,0.0,413.6764839427209
70,10440,46837.754660283936,15482.345929169816,24428.247583389588,0.0,0.0,0.0
71,10464,43263.42533950787,19524.21965041672,27984.662499450624,0.0,0.0,191.9421250983274
72,10488,49554.86232416081,15090.345204846248,31377.895962421655,2025.558222172835,0.0,1708.4969104639213
73,10512,48852.94920474822,11148.704996847719,34385.76451380813,0.0,0.0,2610.5897699584266
74,10536,44449.734925644036,7760.744349341034,28996.783134262572,0.0,0.0,2774.252737481713
75,10560,51333.17697630532,6804.861591054192,24711.510599364854,0.0,0.0,2590.009861442741
76,10584,40635.55873296609,6306.208086874278,29175.562218967556,0.0,0.0,2090.5349972513386
77,10608,34404.81544424796,16931.018232808237,34215.00619590677,0.0,0.0,1589.5910973535467
78,10632,38150.26823527267,16973.64615753685,24785.337695267794,0.0,0.0,69.97522386673162
79,10656,30577.392703947742,21092.66559468003,17184.48640952693,0.0,0.0,1512.5840644379145
80,10680,54131.21967550919,27981.384030386624,17810.56526559701,19.359483226372163,0.0,1232.1907436584042
81,10704,26648.67576727972,20952.523856886914,25737.331447510074,0.0,0.0,2581.213244716843
82,10728,37980.735272810605,18675.41139040796,20068.02663750523,0.0,0.0,1276.2795095848205
83,10752,54435.39462151741,17522.65807715932,16952.37573919976,0.0,0.0,1024.1542805857157
84,10776,44375.68645650369,16407.28650698642,22214.19646424361,3600.422854831476,0.0,1561.740846885238
85,10800,47868.99797475252,18885.025535854184,27998.371928317083,0.0,0.0,1103.5752878129178
86,10824,44826.88722223651,24707.355793669616,23610.89381791003,0.0,0.0,1688.4176740770404
87,10848,30179.932229407677,21500.90077408763,34064.44934838401,0.0,0.0,1533.7576597312536
88,10872,21796.63031950018,25219.34712047231,22576.793620011485,0.0,0.0,1318.2523548534991
89,10896,41604.997630766404,23758.297551331663,24915.782034433847,604.3804853444358,0.0,3138.6450828966654
90,10920,20992.831420439743,23432.487873581216,16542.275306172996,0.0,0.0,0.0
91,10944,13723.358439578646,27245.39390184708,16505.535023779725,0.0,0.0,0.0
92,10968,19433.011655648443,32633.239911232577,142.05373294047968,3839.112721836593,0.0,0.0
93,10992,17962.05312172708,19611.94685082083,18796.2737308308,0.0,0.0,0.0
94,11016,27489.548094055986,12440.59317744299,0.0,1055.5385574561087,0.0,0.0
95,11040,27782.652078499257,19140.082730814916,0.0,1877.3590646516645,0.0,2918.7944799530947
96,11064,32259.434751069464,15620.732781226554,19890.856802614624,1944.7688564311638,0.0,1065.422139944659
97,11088,45436.06185990957,17664.781217435753,14030.895276317782,3676.642359496815,0.0,0.0
98,11112,45001.08274712237,22908.97694721609,13164.008693920965,3984.4874145701597,0.0,0.0
99,11136,33588.5304393757,26824.75314877368,14212.311273511692,3685.8093692792013,0.0,0.0
100,11160,54186.557858580214,24851.049094399852,15965.908758070695,3904.4591121299068,0.0,0.0
101,11184,47023.3175471672,17627.804096749787,13233.116158192637,0.0,0.0,86.37336788201566
102,11208,40787.695915207965,17277.047654358666,10508.412578365485,0.0,236.13213552149952,454.3038587513063
103,11232,23611.861771239983,26181.558303908452,0.0,0.0,0.0,0.0
104,11256,34640.02140721557,24941.00248666283,13252.767162760118,0.0,85.1905400143331,0.0
105,11280,21469.157280249827,19038.703817577654,15812.214002470773,2800.7016053176003,199.13743097012343,0.0
106,11304,3246.452906185814,20450.091071162024,17203.5736319432,0.0,64.68615489632654,0.0
107,11328,29028.457248917886,22794.80436295066,18025.14494005466,0.0,0.0,211.38636681046455
108,11352,31437.908529022745,21276.180937111843,15631.42610484469,0.0,0.0,0.0
109,11376,36761.17259707126,28602.956033500086,16131.1337366605,4225.677258812528,0.0,0.0
110,11400,49831.223446188975,22734.656769845034,15953.097583332066,4923.995032649262,222.98342631855314,0.0
111,11424,29817.165026080875,13010.96524772169,13122.026851520084,3627.9970541996163,0.0,0.0
112,11448,41636.99534978079,20058.37093598365,13092.393587562254,3689.4895491003354,0.0,0.0
113,11472,40120.29475818323,25398.503923985765,14341.27598564329,0.0,0.0,143.3110129935447
114,11496,29967.20077956902,18630.13658439032,15147.252344463708,3577.5134339553742,0.0,0.0
115,11520,25728.02274710351,34011.80329479467,20755.16203796255,0.0,0.0,0.0
116,11544,28613.587932858023,17382.311917153143,0.0,3753.430922129379,0.0,0.0
117,11568,27687.541230243856,14991.09284902465,0.0,0.0,0.0,82.67035636048439
118,11592,29623.091858084495,12319.23616138564,12251.896187075938,3082.0470674343233,0.0,0.0
119,11616,21095.53562353596,25141.17159044003,330.52390754006956,0.0,337.0117028138849,0.0
120,11640,10175.22046960074,36822.27779498844,17409.40288566341,6615.209207068096,0.0,360.3082156481921
121,11664,25036.718249623766,37061.753883410296,18324.6882881584,1901.4664334963416,0.0,0.0
122,11688,13137.150658625294,23587.56925170996,17187.810818612437,3671.488459068911,0.0,0.0
123,11712,32749.556100507456,34812.7783879722,11441.353955683357,1633.2649437899074,286.675418132078,0.0
124,11736,27186.416083584478,26086.210393290545,0.0,4552.516615197174,1252.7004601819258,0.0
125,11760,34105.15234917504,28234.508182578185,19973.07144040601,4392.820103447982,0.0,0.0
126,11784,20040.513515756942,13991.919122306865,10071.354360919231,8054.826101491335,0.0,0.0
127,11808,27361.228160215156,27154.71523793004,0.0,7249.949742308217,0.0,0.0
128,11832,9519.796428311707,34719.70584718876,0.0,3579.472780752013,113.34378339157402,553.3666807819203
129,11856,27622.237930707855,20739.45798060215,0.0,2831.3134692202552,0.0,0.0
130,11880,18591.181079427824,23943.154026443226,0.0,5096.670315096268,467.8923374890669,0.0
131,11904,16914.332245088655,24912.964152774184,0.0,4815.246534771071,607.8187219754609,0.0
132,11928,14459.931534909767,15940.01329494983,0.0,5034.019299469588,0.0,0.0
133,11952,15057.804512855973,20839.99212665642,0.0,8035.389504483899,0.0,0.0
134,11976,2568.7682031022555,25927.199365009576,14562.139789170513,2898.1635879427786,0.0,66.99508126860059
135,12000,0.0,21510.486256792537,10596.616788905874,0.0,0.0,0.0
136,12024,47966.180483063334,34307.22474147725,12811.526204394078,3843.0891848247693,0.0,6.69235837061467
137,12048,28110.716886948867,26565.89680017496,16857.264298563627,5344.441095043358,887.3580496107711,171.8284809510123
138,12072,44105.59639762249,23031.154776184118,0.0,3945.138044919646,0.0,802.9331611121681
139,12096,57876.851805066966,36607.552560194505,0.0,2912.8264092157688,828.5927410163665,4527.761541024165
140,12120,47606.178445964775,31821.990736549822,0.0,3425.5108356278856,842.0311703372943,2643.4351739535578
141,12144,58279.52573256106,30572.75414584988,296.00853067051594,7081.106338758218,878.4615245964661,3734.249999429366
142,12168,57386.71278034817,25128.54660974977,0.0,5812.510636998399,441.22679250759444,1851.8292324617978
143,12192,45097.56964261184,24268.846338108997,8986.422249922634,3816.3178788097684,0.0,887.1058064706438
144,12216,59469.016456182246,20690.196583061872,0.0,3887.680574954025,1233.3029058524123,2690.493539858393
145,12240,57527.861994428866,20692.765405117658,0.0,7517.7363688702335,1455.2467275364315,3622.4484544461943
146,12264,86229.21942856337,31749.020967819095,12512.3081549793,4469.844328945378,0.0,832.2950703022334
147,12288,66013.12523799352,38898.95354567471,0.0,2414.3366202100297,1125.2733172990115,3680.0820838770583
148,12312,84105.9343884395,36695.891484930595,12553.177046199897,2367.320776914719,1416.4055455682137,299.9308339142364
149,12336,86476.17929352447,24546.642042474654,12900.900679107192,5083.2407797748165,253.9077260879967,0.0
150,12360,66513.85520206674,32044.614567734407,13293.726339168703,4387.298906531367,1003.723810331413,1297.7841499852304
151,12384,79403.8898726897,24300.360226149984,13028.214111664234,4788.488114598802,1031.506816797427,0.0
152,12408,79920.47219379479,25661.339114265484,14599.448162730105,4615.182430233958,757.1348969125517,0.0
153,12432,85154.04266985867,26292.230261442273,15846.697546631147,3837.898480653783,1515.121119523853,30.82534693504305
154,12456,80317.33677811673,24026.008794134905,16887.55344872163,3602.6108043302347,1088.539055675891,0.0
155,12480,99187.06319332306,23352.46407276644,13899.57816423872,3547.2160489875005,1380.4783115114226,0.0
156,12504,88894.1348698902,15374.062475658631,14449.02150942928,3578.539255661081,0.0,4848.88350790663
157,12528,83273.36472263312,23292.097766587183,14269.055330131196,3958.5934415250067,741.5415853535482,0.0
158,12552,95075.44245519683,18775.420335262454,15893.480720313188,2596.8945381843805,1311.391388520796,0.0
159,12576,100860.05278517872,21513.676227979162,17717.166804607223,1479.764309818096,1652.8833237676886,0.0
160,12600,87961.85239155694,23716.014420443236,14303.956142371095,2622.5542326422365,1505.7729250545055,0.0
161,12624,82105.956389787,27983.887838116352,9751.789973806925,3882.6649531022467,1422.9508116319162,0.0
162,12648,92421.29523291886,27691.860721121997,11575.196942042952,3162.0173978787225,832.1065479072279,315.94755279090447
163,12672,98452.40252504009,13380.311496266586,12389.312947236922,2351.7578467967546,1152.587186903772,0.0
164,12696,95804.61417489029,15532.907750995611,14080.528198257287,2899.7268468791476,467.21398230604893,0.0
165,12720,95619.65903701787,26144.55867161532,12437.02163604979,3347.56130355975,1891.9234624381365,0.0
166,12744,98030.5411140706,19571.5844791297,15070.678275567025,3047.862851318781,1716.0110053301464,0.0
167,12768,91876.26383519811,16781.467769988012,13928.748975107832,3977.901609202737,1704.2043958069607,0.0
168,12792,94331.11043877406,17101.074278867567,15257.613648644505,3544.3744471618784,1125.2814712004179,0.0
169,12816,80940.39003809511,21882.901850173796,16180.641031612104,2404.7101377067906,0.0,0.0
170,12840,91346.24427704884,22324.055391277998,17194.53683711838,1802.5975703514255,1229.5591458503177,0.0
171,12864,88405.98554220129,26188.510840256677,16158.423950354092,1651.904572089638,0.0,0.0
172,12888,86801.74781568898,22395.419840341274,11122.984036177446,3088.0034157694513,0.0,208.1183858445915
173,12912,75222.93588915461,14332.092888722398,13041.78473521305,4972.916063427319,0.0,0.0
174,12936,99587.61490942434,13706.984954234309,15443.704900701981,6534.510351346151,1530.857709560705,3726.211282215336
175,12960,86792.81281832952,21126.03263962377,11514.601203330147,5135.522585660074,0.0,972.1177611516371
176,12984,83442.4889294985,22825.112843269213,12819.961351971637,2143.717056823665,1292.972572309303,0.0
177,13008,97880.67975310421,21891.889865246976,12650.72330559447,3189.1623697521427,1502.9569265872913,0.0
178,13032,94467.91363566692,22340.143465660592,13957.200686106326,2775.5742767135803,1036.0546576423083,0.0
179,13056,78510.78854386159,23427.466213905904,12172.002800778273,4503.348451094031,158.2558441978134,0.0
180,13080,89245.20477762514,20240.653290148337,12322.815311846387,4227.555967684926,0.0,0.0
181,13104,98407.06437089219,21816.221740892204,13674.057230527796,4889.135626201793,0.0,0.0
182,13128,95465.45744797173,26965.44506073538,12858.064904621515,6886.803189389879,0.0,0.0
183,13152,86546.12324665523,27969.238327462423,17547.58758842524,5515.840937146873,0.0,0.0
184,13176,77760.82530021542,23585.821069702935,15670.812315014013,5639.846039040334,0.0,0.0
185,13200,71712.4300624456,14411.6499362023,12814.7303983799,7884.307973320064,0.0,0.0
186,13224,71296.30971146522,21406.3734055178,14364.38963207888,8914.259723408046,0.0,0.0
187,13248,71398.60806063247,14665.591925746114,16569.847180036017,3540.530110964647,0.0,0.0
188,13272,62513.827134482446,12132.202599726343,9476.023015705392,4444.812727853952,0.0,0.0
189,13296,54635.841701690326,7496.829354540843,9299.1537294319,4371.064149650456,0.0,0.0
190,13320,80121.16237394787,7886.2315623276045,11924.392111125648,3828.852202700943,0.0,0.0
191,13344,76663.23840707673,21751.304625624613,9815.894922105934,3644.758494070438,0.0,0.0
192,13368,72884.59809335331,23521.143264499216,14071.765737048921,4605.564508046357,0.0,0.0
193,13392,70142.54431140659,14341.799144849967,8303.000210624505,7048.504321099703,0.0,0.0
194,13416,71542.67445407153,13002.962069461988,11596.568961587425,6380.593313639587,0.0,253.34052974205434
195,13440,69352.71357133504,17829.663947329485,9745.53105597246,4917.002398271252,0.0,0.0
196,13464,69624.29671421996,22952.385148064677,11465.72543746191,5885.304736955159,0.0,0.0
197,13488,70614.22161657905,19001.99366319635,8980.712259025106,4287.78781223314,0.0,0.0
198,13512,58954.478036189954,20808.395929475308,7115.809666722864,4294.129097290255,0.0,0.0
199,13536,59123.81948157618,10955.373045022152,6405.945037877478,7691.414580763678,0.0,0.0
200,13560,72030.92928907993,0.0,8231.279712109097,7981.539353102645,0.0,0.0
201,13584,55586.83997948753,0.0,13266.797710478724,8233.671130644292,0.0,0.0
202,13608,51023.60654529081,11119.077514763534,6498.4758420727685,5268.310159824313,0.0,201.88486121214964
203,13632,59058.41115988479,7540.772027156876,9412.899002016453,4074.376434988785,0.0,0.0
204,13656,53725.08730797062,4371.826052461092,11693.565906030875,7910.39238913975,0.0,0.0
205,13680,66769.3551403406,7772.508596422302,9821.049691494398,4153.7046674833755,0.0,0.0
206,13704,36412.87277257925,9197.65477577131,8756.690659491149,4129.056146563586,0.0,0.0
207,13728,50585.656095260434,9041.68133601529,8300.078134985917,6095.495811230028,0.0,0.0
208,13752,59867.39386071061,16864.042968024674,9857.331474891449,7631.596056503945,0.0,0.0
209,13776,68403.51875954212,18439.31125110516,11765.903313543193,8592.924649368564,0.0,0.0
210,13800,65754.28741880141,11295.397054873143,9550.304441472763,4981.024178494603,0.0,569.9614637594996
211,13824,80176.81949256427,13810.454509050203,10990.008671818094,4969.343970744334,0.0,0.0
212,13848,49109.76403734015,28342.902210899905,0.0,2550.0520903627585,0.0,383.76469737881564
213,13872,57803.17936221159,28993.61120007102,0.0,3318.0158488712264,323.53056940044075,396.4847052227897
214,13896,68782.12927625627,34431.66326665218,0.0,4463.336929441765,738.1109464336569,745.1222529941962
215,13920,47677.50051497796,24454.2002726315,7306.569042518001,5987.205176668562,65.13727922598684,2537.6297490657284
216,13944,46643.50424892124,30435.53165299225,0.0,7784.949375116068,1673.504367685931,821.0798333314601
217,13968,54143.012682674314,28825.34994716975,0.0,6531.6105511145815,1191.624479022954,1856.6190310969919
218,13992,61135.816794812665,26148.5059658936,0.0,4264.30346029043,1266.3080065737656,4045.9864172514335
219,14016,74341.43983736445,27876.397231567615,0.0,5112.365207523832,392.3671429128242,3435.834808412098
220,14040,56284.01470975008,27691.138471798055,0.0,6046.88527360281,387.6259087560156,867.3227573830438
221,14064,49500.28350808969,28537.355668186956,0.0,3886.4608753054263,508.3327077829887,1937.963411294516
222,14088,41510.04172954665,33719.59524317458,6920.794239006432,3608.7921682216847,0.0,2125.2133105654893
223,14112,34413.14207888491,25608.2902684855,3330.829587872323,4935.232464191651,242.6361226419057,945.7023886420218
224,14136,27736.713885534722,35165.943058130724,8702.906867051695,5244.659854689653,69.50089227058939,3024.241824821135
225,14160,29039.252805829437,34565.794031934136,3757.3415563062317,4923.130147350295,0.0,228.42174404069448
226,14184,36922.30377827478,31656.190043706658,3348.7499919417633,3443.0313892509776,0.0,1619.6446278555775
227,14208,40367.88214923941,31224.965296898034,0.0,4140.265438115285,0.0,252.990408369458
228,14232,51599.97874523894,16954.86946712189,0.0,3991.973620658827,0.0,1233.608878855036
229,14256,65342.90347330006,6255.3190024462765,1293.244059278015,5336.346842803083,0.0,2975.8580237361684
230,14280,69461.11008254199,21486.73031031666,0.0,4362.370588320102,0.0,735.931448922048
231,14304,53922.01352791536,20453.13994365574,0.0,4656.4535632731495,0.0,2411.9259526723336
232,14328,61494.73289427237,15077.596521588252,0.0,2809.97586752537,0.0,2903.213650882339
233,14352,57469.577655587666,6870.600754087907,0.0,5287.6248826497285,0.0,4062.170616874204
234,14376,69054.54115695466,10391.153098540079,0.0,6035.487808798408,273.88223675021425,1348.9747600662472
235,14400,39985.95965309741,14561.737831446695,0.0,5670.060209811329,1442.3562651888215,3900.132235523036
236,14424,44211.33467998092,26461.308838489735,0.0,6083.524772676284,1080.417553335989,2879.86548733722
237,14448,60554.91533618461,29036.201998452598,0.0,6079.874875681553,1199.0235079243676,4289.635271622824
238,14472,40377.82960618087,16299.883837690579,1747.0799231347683,5970.700009209819,624.9418219975958,4835.482890723063
239,14496,46164.43968584459,28149.7242888865,2894.293866138205,6746.16250452894,722.3508027587441,4521.141688683596
240,14520,42303.57259628225,17406.020449891752,3766.5516460801355,5677.034786229404,609.8727441673742,4065.5173999774242
241,14544,46859.30282400955,15296.313876618196,0.0,5909.243548381704,212.4774097983195,4543.527271309644
242,14568,57995.923608969955,14746.345009691675,1116.2156859891002,6375.570648521903,635.0567562333283,4782.711888334062
243,14592,39758.07701870896,6476.794617520434,0.0,4489.584519857969,0.0,4030.809802374958
244,14616,44233.41107091309,12940.880822668976,0.0,4674.589662631286,0.0,1674.7197637744348
245,14640,47957.841014799225,13339.931957586905,762.8092543463563,4378.039038496623,0.0,3889.2777499431027
246,14664,41617.24430219304,23789.504140897476,2760.1775304367566,4269.661667863602,0.0,6756.07554935117
247,14688,53162.68786670323,22399.92246068399,0.0,6993.81060382021,0.0,107.7618919171428
248,14712,32237.34443940883,13801.597791690507,0.0,7634.460821305952,0.0,7271.38548618403
249,14736,43667.071103979804,14796.059610103792,0.0,4810.007513259037,0.0,3671.5464935545406
250,14760,55741.2796789367,13061.68001422349,0.0,4372.820984123915,0.0,5230.552841643548
251,14784,38599.77492158991,14481.352627204265,0.0,5154.646511356306,0.0,3660.4920447518934
252,14808,37775.95566129216,18107.57404025431,0.0,3049.3907186834917,431.9887706136039,4599.725351980329
253,14832,36031.02932806227,17487.639273777535,0.0,4086.7612264713453,654.6377347115172,4256.9912242089595
254,14856,58004.95670399199,12199.486818803725,0.0,3714.6409854846142,0.0,5103.759957896642
255,14880,50568.830424011445,6502.230928559849,0.0,4718.843450071981,0.0,5132.748352672893
256,14904,59257.178175077104,13194.700970550839,0.0,3032.4281882152736,0.0,3516.4183910470274
257,14928,44642.10277905917,8178.522342519169,0.0,2742.18721157094,0.0,4077.6097966833295
258,14952,39305.04493633278,9817.098943139237,163.78809223809276,2620.3933348509154,0.0,3483.434192580105
259,14976,31990.784025235065,9355.241730130103,0.0,2268.2864672407586,0.0,6186.634472167048
260,15000,27186.604748561243,20193.164882401103,5488.821138525045,3148.7431527361423,0.0,7033.214500482363
261,15024,0.0,1663.699532867704,8717.09459698592,3820.5117717838225,805.8872912539839,447.6036215119906
262,15048,0.0,4667.064413332999,10566.541376832232,2618.375275015568,0.0,0.0
263,15072,1866.4182514668546,13129.824616014845,10607.395600690066,3348.4800319342776,1655.7018582963915,0.0
264,15096,37147.51167790427,14065.065941980967,6976.412196882424,5364.805198742011,798.2761560512879,0.0
265,15120,42154.08981137867,5942.220925554582,0.0,3595.5734834824298,201.82870239538042,3749.6941945954713
266,15144,57010.92951492881,10271.467916616784,0.0,3446.5455203976016,0.0,7224.950041621865
267,15168,52321.803849079064,8851.986108310342,4380.619643112223,1434.0593806975103,0.0,6408.949822369041
268,15192,47224.91086235036,16417.462214548916,10007.722231271979,6393.0628240611095,0.0,3199.2727363683607
269,15216,62853.31877983937,18224.59975793839,0.0,4043.544899508457,84.49622148737357,6644.446821019781
270,15240,62159.81852241729,19032.51488141283,0.0,1852.131734826033,0.0,6516.68554164612
271,15264,61390.53783350253,15839.697987337568,420.4841255445199,3114.442406975334,0.0,1080.4331441929605
272,15288,39445.044462001446,22643.86871775212,3884.4806519254716,3891.529529940483,0.0,6971.154261930411
273,15312,53616.188402688436,19259.86960289642,11681.8836751833,647.9116031608797,0.0,608.7865189745494
274,15336,55564.399604911654,12648.9495894034,9636.94517223665,3699.1733150431746,494.9079598949794,1359.565855986072
275,15360,72613.97365339202,5700.588047274818,8044.3197602641685,4177.525765781453,464.0635188441074,246.59824102819175
276,15384,63565.234284569684,1984.751686150099,5972.748404902521,3664.866279056785,186.03025825385254,810.4335194392767
277,15408,74174.8079476388,11606.923483329912,11916.159234760344,2344.6684354978943,414.2579263190777,746.4533644705634
278,15432,68725.33984060178,16868.69541402577,15532.98471753328,4839.044684649851,564.9851195565034,0.0
279,15456,63122.09519727413,14971.363348909592,15973.478381230241,4341.239331573627,56.74343853464329,1130.6546134992072
280,15480,52061.60679406508,15624.05022061479,17015.036533350285,3986.6391189174997,557.7897384942806,1127.47708088419
281,15504,49280.062553786614,8806.106971422116,17851.925271143416,3085.996423602017,655.8279521608356,0.0
282,15528,60739.799656615316,11142.830208951225,13317.279486901742,3910.3502660091917,885.5535059067217,1290.4355408226934
283,15552,63037.16900892857,14422.64842994565,13694.302121228182,3906.643537009156,704.7573078901916,711.599650323573
284,15576,79659.8585475102,13215.046626677922,14726.481061554086,2058.91321115377,699.351643542238,415.55892768625256
285,15600,81601.26037776496,15775.618105753929,16256.34150008567,1774.7267098437383,332.2912074687265,20.40577788861043
286,15624,49170.430741648815,22057.33835070433,14384.23843793797,3718.3780468225004,415.74847516157917,1138.095143821491
287,15648,52895.25131961341,24239.75051688579,15405.593053820456,5101.170797098228,639.2998179158463,235.9588213817143
288,15672,63673.66084695353,19021.947406022537,18630.58707400698,3701.4137693637003,141.26704050756484,1054.1509612855152
289,15696,61954.80836595051,11491.865651406566,16670.945453683307,2949.1465544213083,385.0490417840233,0.0
290,15720,53093.45571094466,310.376363375919,13340.298623283968,3517.9025499906857,686.2809607624838,0.0
291,15744,43915.189842170614,15233.545142788083,15467.73117104097,2166.983033099153,917.0413164592267,0.0
292,15768,50376.47870990172,16826.83662369079,11696.514981675462,5434.877261284919,497.01600555251247,979.1945785159155
293,15792,61530.407790018915,14561.44322540392,17416.9012222764,1774.761800646732,909.2837460526662,757.3854436459063
294,15816,44348.75125589059,13241.728058803972,16481.1206104436,5247.8905955113605,915.752512098124,9.405290977653806
295,15840,66065.27718551391,18843.9090693204,15728.044779904261,4840.448230017992,810.9921161347247,0.0
296,15864,59035.21567971051,11172.0580564544,15568.404183363553,5088.688245613367,988.4274505743365,961.5840438172525
297,15888,56187.32762713177,21721.56936781152,15369.451024476435,5088.192102379548,1443.7805023898604,0.0
298,15912,56182.44490111334,26022.80841177069,14690.672056483872,202.0661576710088,846.7152756096406,0.0
299,15936,45672.70669097271,19398.01345784529,13342.536188119677,5587.219850086581,1117.4715388494265,1377.6743708370577
300,15960,62608.89311776399,22915.076694357325,14764.591169318515,2090.149721093198,1472.1448147110273,1004.0733319605829
301,15984,41502.822599540006,19034.607839086075,13766.171561310624,5267.868075258726,1114.743965294574,887.4933715809786
302,16008,52340.02359785789,18664.605429062245,14514.454462050995,3195.9639946686657,613.9364644296863,1186.362796723252
303,16032,23121.689627375832,18241.333854922326,14908.945345897548,3243.776510200439,965.1948370295177,683.7186180181418
304,16056,43882.57153221913,9683.112215846142,18107.715077844983,4404.466939448326,0.0,0.0
305,16080,26594.41265390981,23613.81184786377,21430.2669682677,683.8135393540329,0.0,1105.2030393916891
306,16104,38764.458432628046,12169.960597514784,14723.730448637361,3768.380250144357,0.0,2844.7862716942695
307,16128,54185.50109552157,1659.6316208253447,17101.296553246004,3187.8544477133605,0.0,5676.871683649056
308,16152,55115.187991224855,13563.006746448948,12742.875338044098,3333.790695600447,290.2836717816497,3435.413526069946
309,16176,48226.36218331229,8279.023737413328,11465.424361542635,499.0281116309777,0.0,2656.8580093994765
310,16200,49341.39043287281,21809.60691600255,15183.957763786393,4884.574842777192,0.0,2082.071029903776
311,16224,32052.50431873314,28266.149298886237,16569.297354327493,3632.1623213258213,0.0,916.6689614766633
312,16248,3948.712771561027,15697.754886959736,13051.843905205442,2433.2443520028687,0.0,0.0
313,16272,29712.143133856043,19947.060742154754,15310.798233342332,2382.645469302509,0.0,4790.235476918106
314,16296,37239.74629717907,8014.299452972293,17304.135706808847,2157.0808863055145,0.0,1004.1410507171454
315,16320,23144.481705617123,9727.113540250011,18290.25411141354,1432.8362955788955,0.0,39.77721898925029
316,16344,22169.992090846827,21798.736762687844,18959.95996778059,2848.9125216217067,0.0,0.0
317,16368,34031.10998278877,17696.184462722547,20377.40509700447,2708.0379229106484,0.0,851.3611985813795
318,16392,49860.400384299806,21949.592961487753,21522.678897621023,2653.340594194792,0.0,1377.67533867319
319,16416,35874.37900163394,10205.335047471242,19942.974176533484,3595.1565960194393,0.0,284.5028196227077
320,16440,56085.414580718716,24698.13488172552,20671.14024292151,2599.7047342983005,0.0,4022.841155836467
321,16464,48618.608975594834,19309.781336664742,16058.545703531428,1639.4547208000704,0.0,506.70435361518213
322,16488,34627.0177386805,24964.0259045098,17263.887492897782,2884.3151735064866,0.0,4999.009993997233
323,16512,51911.63669650558,31038.06444613034,21565.134629901426,1460.0701132200163,0.0,1914.6275587323885
324,16536,38216.33240470721,31745.507939045543,15758.767907068956,2135.271476394676,0.0,938.6697484345498
325,16560,25985.05511816719,28938.554908724505,19553.736079750663,2964.9134996541507,0.0,433.7643988195615
326,16584,12752.513108531057,33048.048773593604,16804.892958862165,4023.2162881658587,0.0,0.0
327,16608,51295.528972116874,20319.745109127296,20635.85644927653,2541.638405779853,0.0,1850.3664360446883
328,16632,42203.40691627056,11999.152873326771,21561.878591638804,3836.7256320452175,0.0,4841.349089526788
329,16656,20430.98527780103,18295.213005652506,17726.93564541569,1846.4854444069622,0.0,0.0
330,16680,30208.898064708057,20135.05453035555,21031.576292304482,3135.0938646314335,0.0,398.05777901485135
331,16704,44297.55761244119,8285.319689404587,18174.9334037238,2186.4907256474717,0.0,278.5951495892099
332,16728,35195.5464150551,9505.30495899133,23135.01200807008,3471.496552960214,0.0,146.49450412020389
333,16752,33899.543645157784,9327.023743601521,18644.680492032836,2945.9346863339492,0.0,902.1827955816773
334,16776,31809.66140621045,29490.201182737816,19352.891709499658,5461.883410190563,391.85404785325653,6614.913108841682
335,16800,42678.17817468363,32350.210836221813,22996.16897314362,3003.2353036386603,752.942830990158,7478.051178297945
336,16824,44337.43053160226,30965.30187642521,17017.472645786132,1743.0774746152952,0.0,8505.612154293503
337,16848,66304.25646366677,21937.707463063984,18222.512491620735,1042.089188100103,0.0,5212.541287632942
338,16872,62237.434448869564,17594.169668423056,18805.384855847475,2401.156791796161,322.8672542418188,4947.023768343064
339,16896,69177.57197726543,10994.745768715715,20436.824925590823,1019.9953953918414,504.2351506020621,5040.296958442819
340,16920,73565.3639647749,13644.440046076437,17044.668059115298,3641.068373306783,0.0,5786.376899777791
341,16944,54380.867085482576,17919.440622491216,19765.00657261995,1425.8175259521104,535.3153068705734,6761.01626404669
342,16968,51727.61667039855,19870.50344145216,17166.121123990335,312.01345783905776,557.8144617922802,6734.873815574058
343,16992,45785.27461717594,28989.344751844423,17955.53914248287,2569.5531216761224,0.0,2377.7679613269074
344,17016,42812.87865373214,23665.85239708874,17897.26812665035,4162.052121568913,432.76560278652767,6858.573656513743
345,17040,47948.580066477894,22779.433851094946,18299.618182171514,2018.2996100119135,346.4825808012829,8241.90343624129
346,17064,35678.58732371358,22119.021586951356,17202.67844757871,3608.7264648731452,938.3359986901471,1008.2202625466552
347,17088,36254.62098228745,22467.680865525683,15782.176022567588,389.22997062358763,642.6161309770891,6418.275088998309
348,17112,36420.07734172362,15719.62271695818,20109.46954930105,4701.6103337290815,577.592399161656,5032.520104511501
349,17136,41487.27347695317,16448.014230909583,15174.371614087988,2754.605254410988,818.1192509501227,6824.477409059849
350,17160,43609.78377153468,11616.402257676096,15525.9882784831,378.8880516284664,410.9687125127649,4154.7183298289865
351,17184,43926.91792591692,21765.959552629152,16901.70417005914,3367.804802471971,945.4807315429211,173.75629543377065
352,17208,44199.25097213323,18090.65403955279,14244.629684363701,3420.5316212948705,1215.4281110399393,8009.61294103458
353,17232,32682.91859138605,22135.533835350172,15601.106126803561,2467.3727114642506,1276.839304347846,6758.820780548913
354,17256,30693.525049275617,14292.308110755295,17102.541769097144,563.9076166692296,1490.0675476905874,1028.291307978015
355,17280,21922.970299280263,13908.883045263357,13523.741598283972,5249.2111931205145,704.5654780958855,7084.060203244617
356,17304,45115.513113748195,20441.421727755027,11392.046527707462,2691.9598735320965,1421.9807433094938,7276.252476159096
357,17328,27348.788835409738,23892.105554514055,13244.945424860975,4325.144727142785,1212.0856603372704,5639.261665116233
358,17352,38458.20219303608,17744.356215882013,15292.02157359388,4376.236129554787,1665.6626673598473,1310.1285089408323
359,17376,48011.92159001037,21619.830946515925,15206.253831912987,4082.430500003499,821.5594792582758,890.5189769439401
360,17400,41980.94926848667,23157.054323939454,15447.895212456217,3361.0717031498407,202.41578508572007,5587.529344263319
361,17424,65959.69128246017,17292.174193652412,0.0,2609.193367887997,0.0,6272.108951646963
362,17448,40883.71152209383,21640.409394604416,15852.79925086355,2677.480634969911,0.0,3704.5273357025812
363,17472,40052.585368718675,22950.035962182053,18607.132888882385,2164.166552776317,317.8856443330096,6970.689948112191
364,17496,35984.55593349991,26967.35253052241,17995.440188198678,2953.5701390595123,1001.9530846005046,4837.031134466159
