78.917,30.613,21.26,30.462,-55.613,25.946,24.21,3.2322,-30.707,29.708
95.326,53.362,21.25,30.462,-55.982,25.956,18.428,23.444,8.1143,12.865
95.728,53.523,32.496,30.462,31.023,30.503,24.513,33.009,25.445,20.14
95.655,53.495,32.501,30.462,31.024,30.511,24.495,33.003,25.438,20.095
95.742,53.529,32.505,30.462,31.026,30.518,24.523,33.012,25.45,20.167
95.635,53.487,32.506,30.462,31.026,30.521,24.49,33.002,25.436,20.082
95.616,53.479,32.492,30.462,31.022,30.495,24.473,32.996,25.428,20.036
95.386,53.387,32.503,30.462,31.025,30.515,24.412,32.975,25.399,19.88
95.482,53.426,32.497,30.462,31.023,30.504,24.435,32.983,25.41,19.939
95.544,53.451,32.497,30.462,31.024,30.505,24.452,32.989,25.418,19.983
95.593,53.47,32.507,30.462,31.026,30.522,24.472,32.996,25.427,20.033
95.509,53.436,32.498,30.462,31.024,30.506,24.442,32.985,25.413,19.956
95.433,53.406,32.5,30.462,31.024,30.51,24.424,32.979,25.406,19.914
95.585,53.467,32.51,30.462,31.027,30.528,24.481,32.998,25.432,20.058
95.7,53.512,32.495,30.462,31.023,30.5,24.506,33.007,25.442,20.122
95.76,53.536,32.505,30.462,31.026,30.519,24.532,33.015,25.453,20.185
95.674,53.502,32.513,30.462,31.028,30.533,24.512,33.008,25.444,20.132
95.749,53.531,32.506,30.462,31.026,30.521,24.529,33.012,25.45,20.165
95.617,53.48,32.501,30.462,31.025,30.512,24.484,32.993,25.424,20.012
95.602,53.474,32.498,30.462,31.024,30.506,24.473,32.989,25.418,19.979
95.354,53.374,32.478,30.462,31.018,30.47,24.377,32.957,25.375,19.749
95.323,53.361,32.441,30.462,31.007,30.402,24.334,32.943,25.354,19.648
95.279,53.343,32.469,30.462,31.016,30.453,24.336,32.943,25.353,19.641
95.216,53.317,32.494,30.462,31.023,30.499,24.333,32.935,25.342,19.585
95.278,53.343,32.468,30.462,31.015,30.451,24.333,32.933,25.339,19.568
95.301,53.352,32.443,30.462,31.007,30.404,24.325,32.926,25.329,19.524
95.447,53.412,32.445,30.462,31.008,30.408,24.375,32.934,25.34,19.579
95.495,53.431,32.461,30.462,31.013,30.437,24.403,32.935,25.342,19.587
95.316,53.358,32.451,30.462,31.01,30.42,24.344,32.909,25.305,19.42
95.453,53.414,32.478,30.462,31.018,30.469,24.407,32.916,25.316,19.466
95.595,53.482,32.477,30.462,31.018,30.467,24.446,32.975,25.396,19.824
95.218,53.328,32.492,30.462,31.022,30.496,24.342,32.94,25.347,19.576
95.487,53.438,32.495,30.462,31.023,30.501,24.426,32.971,25.391,19.798
95.446,53.422,32.498,30.462,31.024,30.505,24.416,32.968,25.388,19.779
95.321,53.371,32.5,30.462,31.024,30.51,24.379,32.956,25.37,19.689
95.381,53.396,32.501,30.462,31.025,30.512,24.397,32.962,25.378,19.73
95.287,53.357,32.501,30.462,31.025,30.511,24.367,32.952,25.364,19.653
95.172,53.309,32.498,30.462,31.024,30.507,24.33,32.939,25.346,19.568
95.258,53.345,32.496,30.462,31.023,30.501,24.356,32.947,25.359,19.631
95.474,53.433,32.495,30.462,31.023,30.501,24.422,32.971,25.391,19.798
95.363,53.388,32.496,30.462,31.023,30.503,24.388,32.959,25.374,19.71
95.501,53.444,32.499,30.462,31.024,30.508,24.432,32.974,25.394,19.814
95.593,53.481,32.497,30.462,31.024,30.505,24.455,32.981,25.404,19.867
95.405,53.405,32.492,30.462,31.022,30.494,24.386,32.957,25.371,19.692
95.493,53.441,32.48,30.462,31.019,30.472,24.405,32.963,25.38,19.74
95.519,53.451,32.456,30.462,31.012,30.429,24.397,32.96,25.376,19.721
95.526,53.454,32.417,30.462,30.998,30.357,24.371,32.95,25.362,19.652
95.609,53.487,32.403,30.462,30.993,30.332,24.386,32.956,25.37,19.691
95.502,53.445,32.427,30.462,31.002,30.376,24.372,32.951,25.364,19.658
95.418,53.411,32.441,30.462,31.007,30.402,24.354,32.944,25.353,19.599
95.467,53.43,32.45,30.462,31.009,30.417,24.373,32.95,25.362,19.638
94.868,53.179,32.455,30.462,31.011,30.428,24.191,32.88,25.262,19.186
94.723,53.116,32.46,30.462,31.013,30.436,24.147,32.859,25.231,19.063
94.627,53.073,32.46,30.462,31.013,30.436,24.117,32.846,25.211,18.975
94.62,53.069,32.459,30.462,31.012,30.435,24.112,32.842,25.206,18.954
94.858,53.175,32.449,30.462,31.009,30.416,24.18,32.868,25.244,19.109
95.244,53.339,32.451,30.462,31.01,30.419,24.301,32.916,25.312,19.402
95.203,53.322,32.457,30.462,31.012,30.431,24.281,32.908,25.299,19.341
95.001,53.237,32.456,30.462,31.011,30.428,24.212,32.879,25.258,19.161
94.884,53.186,32.449,30.462,31.009,30.416,24.173,32.865,25.235,19.073
94.931,53.207,32.444,30.462,31.007,30.406,24.182,32.868,25.24,19.025
95.043,53.262,32.399,30.462,30.991,30.325,24.184,32.891,25.265,18.818
95.532,53.464,32.238,30.462,30.914,30.037,24.216,32.903,25.282,19.024
95.242,53.346,32.253,30.462,30.922,30.062,24.144,32.874,25.239,18.892
95.372,53.399,32.271,30.462,30.932,30.095,24.201,32.896,25.273,19.04
95.336,53.384,32.282,30.462,30.938,30.114,24.201,32.895,25.272,19.048
95.333,53.383,32.278,30.462,30.936,30.108,24.199,32.895,25.269,19.046
95.45,53.431,32.265,30.462,30.929,30.085,24.226,32.906,25.28,19.102
95.378,53.402,32.257,30.462,30.924,30.07,24.199,32.895,25.263,19.022
95.36,53.394,32.224,30.462,30.906,30.012,24.164,32.88,25.24,18.693
94.979,53.235,32.152,30.462,30.861,29.885,23.973,32.796,25.104,18.045
94.878,53.191,32.063,30.462,30.8,29.73,23.867,32.743,25.022,17.622
94.559,53.05,31.823,30.462,30.6,29.323,23.544,32.565,24.737,16.741
93.816,52.696,31.692,30.462,30.474,29.107,23.205,32.322,24.337,16.12
93.956,52.765,31.838,30.462,30.614,29.349,23.373,32.438,24.541,16.652
93.992,52.783,31.946,30.462,30.707,29.529,23.474,32.521,24.682,16.873
94.126,52.848,31.961,30.462,30.72,29.555,23.505,32.545,24.721,16.701
94.021,52.797,31.989,30.462,30.743,29.603,23.488,32.536,24.71,16.948
94.287,52.924,32.043,30.462,30.785,29.696,23.641,32.618,24.844,17.397
94.478,53.013,32.09,30.462,30.819,29.777,23.75,32.677,24.934,17.714
94.587,53.062,32.121,30.462,30.841,29.831,23.814,32.711,24.982,17.849
94.676,53.102,32.147,30.462,30.858,29.877,23.865,32.738,25.025,17.99
94.812,53.162,32.16,30.462,30.866,29.898,23.921,32.766,25.069,18.157
94.772,53.145,32.167,30.462,30.871,29.911,23.92,32.766,25.07,18.182
94.697,53.112,32.178,30.462,30.878,29.93,23.903,32.759,25.059,18.141
94.911,53.206,32.186,30.462,30.883,29.944,23.98,32.794,25.114,18.295
94.818,53.165,32.193,30.462,30.887,29.957,23.959,32.786,25.1,18.274
94.99,53.24,32.205,30.462,30.895,29.979,24.024,32.814,25.144,18.381
94.966,53.229,32.206,30.462,30.895,29.979,24.007,32.807,25.131,18.094
95.087,53.281,32.166,30.462,30.87,29.909,23.967,32.784,25.097,17.98
94.735,53.128,32.138,30.462,30.852,29.861,23.832,32.707,24.978,17.674
94.566,53.057,32.137,30.462,30.851,29.858,23.787,32.68,24.926,17.617
93.978,52.785,32.148,30.462,30.858,29.877,23.609,32.576,24.766,17.255
93.669,52.637,32.164,30.462,30.869,29.906,23.549,32.55,24.73,17.184
93.879,52.746,32.182,30.462,30.88,29.937,23.644,32.615,24.837,17.475
93.997,52.808,32.21,30.462,30.898,29.987,23.713,32.657,24.906,17.685
94.05,52.838,32.231,30.462,30.91,30.024,23.752,32.681,24.941,17.773
94.011,52.824,32.109,30.462,30.832,29.81,23.637,32.622,24.836,17.131
93.756,52.704,32.019,30.462,30.766,29.654,23.477,32.493,24.612,16.747
93.802,52.731,32.044,30.462,30.785,29.697,23.534,32.516,24.656,16.952
93.96,52.813,32.097,30.462,30.824,29.789,23.636,32.599,24.795,17.32
93.991,52.832,32.122,30.462,30.841,29.832,23.671,32.629,24.844,17.466
93.885,52.786,32.116,30.462,30.837,29.822,23.637,32.617,24.819,17.369
93.678,52.688,31.191,30.462,29.92,28.32,22.915,32.189,24.099,15.905
93.872,52.788,32.12,30.462,30.84,29.829,23.64,32.624,24.826,17.352
94.01,52.86,32.118,30.462,30.838,29.825,23.686,32.649,24.865,17.308
93.836,52.78,32.081,30.462,30.813,29.761,23.598,32.606,24.79,16.795
93.272,52.5,31.987,30.462,30.741,29.6,23.321,32.446,24.516,16.044
92.87,52.289,31.861,30.462,30.635,29.387,23.085,32.279,24.227,15.791
92.75,52.228,31.909,30.462,30.677,29.468,23.099,32.272,24.232,15.95
93.062,52.404,31.89,30.462,30.66,29.435,23.196,32.353,24.372,16.053
93.138,52.449,31.995,30.462,30.747,29.613,23.272,32.394,24.42,15.852
93.035,52.399,31.879,30.462,30.65,29.417,23.157,32.298,24.252,15.698
93.125,52.452,31.96,30.462,30.719,29.553,23.249,32.362,24.375,15.971
93.127,52.458,31.875,30.462,30.647,29.41,23.196,32.341,24.344,15.849
93.077,52.437,31.98,30.462,30.735,29.587,23.248,32.381,24.4,15.877
93.361,52.59,31.947,30.462,30.708,29.531,23.332,32.435,24.491,16.272
93.487,52.658,32.039,30.462,30.781,29.688,23.452,32.51,24.616,16.5
93.472,52.656,32.027,30.462,30.773,29.669,23.452,32.515,24.611,16.534
93.884,52.862,32.031,30.462,30.776,29.675,23.597,32.59,24.732,16.878
93.852,52.851,32.048,30.462,30.788,29.704,23.614,32.601,24.757,17.046
94.244,53.039,32.078,30.462,30.81,29.756,23.772,32.684,24.898,17.443
94.177,52.977,32.197,30.462,30.89,29.964,23.867,32.743,25.061,18.391
94.488,53.117,32.303,30.462,30.949,30.152,24.037,32.817,25.172,18.77
94.392,53.075,32.208,30.462,30.897,29.984,23.919,32.752,25.065,18.217
94.336,53.049,32.158,30.462,30.865,29.896,23.72,32.645,24.868,17.491
93.875,52.834,32.094,30.462,30.822,29.783,23.426,32.484,24.614,16.883
93.841,52.808,32.084,30.462,30.814,29.766,23.404,32.477,24.616,16.953
93.692,52.736,32.084,30.462,30.815,29.766,23.349,32.451,24.578,16.926
93.372,52.578,32.101,30.462,30.827,29.796,23.312,32.435,24.555,16.908
93.328,52.557,32.12,30.462,30.84,29.828,23.367,32.471,24.616,17.073
93.312,52.548,32.141,30.462,30.854,29.866,23.406,32.496,24.658,17.183
93.483,52.634,32.16,30.462,30.866,29.899,23.472,32.535,24.722,17.336
93.781,52.782,32.166,30.462,30.87,29.91,23.582,32.595,24.821,17.599
93.921,52.85,32.184,30.462,30.882,29.941,23.658,32.637,24.888,17.79
93.986,52.882,32.192,30.462,30.887,29.956,23.704,32.662,24.929,17.922
94.167,52.967,32.207,30.462,30.896,29.982,23.791,32.706,24.999,18.152
94.236,53,32.209,30.462,30.897,29.985,23.828,32.725,25.03,18.251
94.331,53.044,32.217,30.462,30.902,29.999,23.875,32.749,25.07,18.388
94.402,53.077,32.219,30.462,30.903,30.003,23.91,32.767,25.099,18.491
94.402,53.077,32.231,30.462,30.91,30.023,23.928,32.776,25.113,18.537
94.362,53.06,32.24,30.462,30.915,30.039,23.927,32.777,25.115,18.548
94.397,53.075,32.235,30.462,30.912,30.031,23.931,32.778,25.117,18.556
94.34,53.049,32.211,30.462,30.898,29.988,23.89,32.759,25.088,18.438
93.531,52.663,32.223,30.462,30.905,30.009,23.638,32.634,24.894,17.823
93.528,52.661,32.162,30.462,30.868,29.903,23.581,32.601,24.839,17.489
93.475,52.635,32.041,30.462,30.783,29.693,23.403,32.478,24.626,16.855
93.181,52.483,31.974,30.462,30.731,29.578,23.209,32.34,24.4,16.528
93.007,52.391,32.036,30.462,30.779,29.684,23.182,32.328,24.388,16.57
93.035,52.406,32.072,30.462,30.806,29.746,23.244,32.384,24.482,16.777
93.129,52.456,32.098,30.462,30.824,29.79,23.31,32.431,24.561,16.957
93.111,52.446,32.12,30.462,30.84,29.829,23.333,32.449,24.592,17.042
93.225,52.506,32.137,30.462,30.852,29.859,23.4,32.492,24.659,17.205
93.307,52.531,32.157,30.462,30.864,29.893,23.442,32.514,24.692,17.316
93.609,52.686,32.167,30.462,30.871,29.911,23.553,32.577,24.795,17.575
93.722,52.743,32.176,30.462,30.876,29.926,23.606,32.608,24.843,17.707
93.451,52.608,32.266,30.462,30.929,30.086,23.595,32.604,24.838,17.7
93.801,52.783,32.271,30.462,30.932,30.096,23.718,32.668,24.939,17.978
93.998,52.878,32.275,30.462,30.934,30.102,23.788,32.703,24.994,18.141
93.939,52.851,32.273,30.462,30.933,30.099,23.774,32.696,24.984,18.114
93.933,52.848,32.269,30.462,30.931,30.091,23.773,32.695,24.983,18.114
94.151,52.951,32.269,30.462,30.931,30.092,23.845,32.73,25.036,18.276
93.987,52.874,32.269,30.462,30.931,30.091,23.795,32.706,25.001,18.171
93.812,52.79,32.265,30.462,30.929,30.084,23.738,32.678,24.958,18.045
93.798,52.783,32.261,30.462,30.927,30.078,23.731,32.676,24.955,17.931
93.782,52.775,32.229,30.462,30.909,30.021,23.7,32.659,24.921,17.691
93.641,52.706,32.17,30.462,30.873,29.916,23.604,32.571,24.763,17.351
93.54,52.655,32.184,30.462,30.882,29.94,23.588,32.549,24.734,17.323
93.628,52.698,32.141,30.462,30.854,29.866,23.589,32.57,24.769,17.419
93.759,52.762,32.213,30.462,30.899,29.992,23.685,32.626,24.861,17.686
93.58,52.672,32.202,30.462,30.893,29.973,23.622,32.601,24.824,17.608
93.772,52.767,32.224,30.462,30.906,30.012,23.701,32.646,24.894,17.806
93.765,52.763,32.231,30.462,30.91,30.025,23.705,32.652,24.903,17.833
93.72,52.74,32.247,30.462,30.919,30.053,23.701,32.649,24.898,17.818
93.646,52.703,32.229,30.462,30.909,30.021,23.664,32.63,24.867,17.751
93.631,52.695,32.244,30.462,30.917,30.046,23.671,32.635,24.879,17.789
93.654,52.707,32.249,30.462,30.92,30.057,23.683,32.644,24.894,17.82
93.822,52.789,32.246,30.462,30.919,30.051,23.734,32.67,24.937,17.945
93.823,52.79,32.253,30.462,30.922,30.063,23.741,32.674,24.943,17.978
93.819,52.788,32.265,30.462,30.929,30.085,23.75,32.68,24.954,18.014
94.033,52.891,32.242,30.462,30.916,30.043,23.804,32.707,24.999,18.151
93.626,52.796,32.247,30.462,30.919,30.053,23.738,32.679,24.945,17.966
94.414,53.194,32.03,30.462,30.774,29.672,23.849,32.73,25.024,18.196
94.171,53.131,32.025,30.462,30.771,29.665,23.803,32.702,24.978,18.067
93.172,52.818,32.035,30.462,30.778,29.682,23.602,32.6,24.817,17.637
92.663,52.729,32.026,30.462,30.772,29.666,23.541,32.571,24.771,17.527
92.42,52.772,32.061,30.462,30.798,29.726,23.594,32.601,24.823,17.659
92.191,52.822,32.03,30.462,30.775,29.673,23.605,32.608,24.834,17.692
91.862,52.825,32.035,30.462,30.778,29.681,23.61,32.608,24.835,17.691
91.511,52.819,32.023,30.462,30.77,29.662,23.593,32.595,24.814,17.63
91.169,52.819,31.989,30.462,30.743,29.603,23.561,32.567,24.768,17.503
90.698,52.757,31.916,30.462,30.682,29.478,23.458,32.495,24.65,17.218
90.227,52.696,31.888,30.462,30.659,29.432,23.393,32.453,24.581,17.056
89.567,52.539,31.895,30.462,30.664,29.444,23.297,32.402,24.497,16.86
89.139,52.499,31.796,30.462,30.575,29.278,23.2,32.34,24.392,16.628
88.833,52.526,31.727,30.462,30.509,29.163,23.162,32.288,24.299,16.453
88.331,52.45,31.77,30.462,30.551,29.235,23.147,32.276,24.27,16.401
87.966,52.449,31.794,30.462,30.573,29.275,23.161,32.295,24.29,16.423
87.576,52.436,31.827,30.462,30.604,29.33,23.177,32.311,24.315,16.48
87.289,52.479,31.865,30.462,30.638,29.393,23.231,32.357,24.394,16.614
86.899,52.468,31.848,30.462,30.623,29.365,23.205,32.346,24.375,16.548
86.588,52.501,31.693,30.462,30.476,29.109,23.074,32.24,24.191,16.144
85.628,52.185,31.63,30.462,30.411,29.005,22.821,32.038,23.845,15.66
85.07,52.083,31.704,30.462,30.486,29.126,22.815,32.039,23.85,15.69
84.859,52.181,31.73,30.462,30.512,29.168,22.896,32.111,23.981,15.9
85.501,52.724,31.754,30.462,30.535,29.208,23.25,32.352,24.391,16.599
84.821,52.577,31.773,30.462,30.553,29.239,23.177,32.314,24.325,16.458
84.651,52.689,31.796,30.462,30.575,29.278,23.276,32.371,24.419,16.664
84.391,52.756,31.83,30.462,30.606,29.334,23.351,32.413,24.488,16.812
84.254,52.881,31.853,30.462,30.628,29.373,23.456,32.479,24.595,17.05
83.577,52.747,31.876,30.462,30.648,29.412,23.392,32.446,24.543,16.955
82.602,52.455,31.903,30.462,30.671,29.456,23.233,32.357,24.399,16.677
82.844,52.669,31.895,30.462,30.664,29.443,23.358,32.434,24.529,17.117
83.599,53.143,31.866,30.462,30.639,29.395,23.657,32.603,24.806,17.758
83.404,53.168,31.873,30.462,30.645,29.407,23.686,32.622,24.837,17.838
83.034,53.117,31.883,30.462,30.654,29.424,23.66,32.612,24.817,17.788
82.693,53.078,31.873,30.462,30.645,29.407,23.629,32.596,24.792,17.723
82.396,53.059,31.802,30.462,30.581,29.288,23.566,32.554,24.725,17.56
82.29,53.127,31.797,30.462,30.576,29.28,23.613,32.57,24.752,17.625
81.777,53.012,31.797,30.462,30.576,29.279,23.531,32.53,24.687,17.467
81.32,52.92,31.772,30.462,30.552,29.238,23.454,32.474,24.595,17.262
80.999,52.892,31.799,30.462,30.577,29.282,23.455,32.469,24.588,17.243
80.819,52.93,31.803,30.462,30.581,29.289,23.484,32.495,24.629,17.336
80.732,53.011,31.832,30.462,30.608,29.338,23.562,32.542,24.707,17.512
80.458,53.006,31.848,30.462,30.623,29.365,23.574,32.556,24.728,17.565
80.087,52.957,31.871,30.462,30.643,29.402,23.56,32.553,24.724,17.555
79.982,53.031,31.842,30.462,30.618,29.355,23.586,32.567,24.748,17.611
80.103,53.155,31.724,30.462,30.506,29.16,23.57,32.543,24.708,17.515
79.586,52.993,31.543,30.462,30.32,28.865,23.314,32.374,24.429,16.913
78.606,52.593,31.436,30.462,30.203,28.697,22.972,32.142,24.038,16.223
78.121,52.422,31.399,30.462,30.162,28.64,22.838,32.047,23.874,15.972
78.044,52.464,31.428,30.462,30.194,28.684,22.887,32.087,23.949,16.086
77.919,52.481,31.513,30.462,30.288,28.818,22.962,32.155,24.066,16.27
77.728,52.464,31.582,30.462,30.361,28.928,23.001,32.196,24.138,16.387
77.498,52.426,31.57,30.462,30.349,28.909,22.972,32.182,24.114,16.349
76.17,51.758,31.57,30.462,30.348,28.908,22.601,31.913,23.654,15.667
77.436,52.56,31.617,30.462,30.399,28.985,23.101,32.268,24.261,16.602
76.523,52.153,31.67,30.462,30.453,29.071,22.905,32.144,24.052,16.249
77.544,52.774,31.723,30.462,30.505,29.157,23.323,32.421,24.517,17.096
77.217,52.691,31.763,30.462,30.544,29.223,23.304,32.416,24.51,17.082
77.321,52.821,31.797,30.462,30.576,29.279,23.414,32.484,24.622,17.324
77.274,52.875,31.827,30.462,30.604,29.33,23.471,32.519,24.679,17.452
80.247,53.827,31.839,30.462,30.614,29.349,24.183,32.86,25.224,19.086
80.775,53.827,31.789,30.462,30.569,29.267,24.138,32.838,25.191,18.96
81.364,53.827,31.761,30.462,30.542,29.22,24.115,32.82,25.164,18.858
81.91,53.827,31.849,30.462,30.623,29.365,24.178,32.844,25.2,18.995
82.476,53.827,31.856,30.462,30.63,29.378,24.188,32.849,25.208,19.023
83.003,53.827,31.869,30.462,30.642,29.4,24.201,32.857,25.22,19.07
83.56,53.827,31.89,30.462,30.66,29.435,24.219,32.867,25.235,19.131
84.1,53.827,31.9,30.462,30.668,29.451,24.224,32.873,25.247,19.18
84.651,53.827,31.854,30.462,30.628,29.375,24.183,32.857,25.224,19.088
85.278,53.827,31.767,30.462,30.547,29.229,24.116,32.826,25.179,18.915
85.87,53.827,31.748,30.462,30.529,29.198,24.095,32.814,25.165,18.862
86.456,53.827,31.655,30.462,30.437,29.046,24.019,32.778,25.113,18.677
87.103,53.827,31.51,30.462,30.284,28.814,23.899,32.713,25.013,18.354
87.685,53.827,31.235,30.462,29.972,28.387,23.675,32.595,24.828,17.83
88.311,53.827,30.777,30.462,29.416,27.718,23.334,32.391,24.493,17.057
88.975,53.827,30.5,30.462,29.076,27.341,23.136,32.274,24.297,16.678
89.76,53.827,30.799,30.462,29.443,27.75,23.352,32.424,24.545,17.165
90.62,53.827,30.949,30.462,29.628,27.963,23.462,32.498,24.667,17.435
91.887,53.827,31.013,30.462,29.706,28.056,23.493,32.52,24.701,17.515
92.809,53.827,30.877,30.462,29.539,27.859,23.354,32.44,24.571,17.221
94.191,53.827,30.606,30.462,29.205,27.482,23.156,32.313,24.363,16.8
95.344,53.827,30.732,30.462,29.36,27.655,23.257,32.373,24.461,16.992
94.213,53.022,30.748,30.462,29.38,27.678,22.677,31.984,23.808,15.889
93.217,52.431,30.608,30.462,29.209,27.486,22.221,31.611,23.168,15.09
92.479,51.904,30.774,30.462,29.412,27.714,22.057,31.461,22.912,14.824
93.507,52.374,30.875,30.462,29.537,27.858,22.39,31.758,23.436,15.399
92.837,51.882,30.847,30.462,29.503,27.818,22.102,31.507,23.002,14.915
94.639,52.754,30.819,30.462,29.468,27.778,22.574,31.901,23.684,15.717
93.651,52.129,30.733,30.462,29.363,27.658,22.104,31.513,23.014,14.927
94.737,52.609,30.351,30.462,28.896,27.146,21.999,31.417,22.837,14.75
92.721,51.318,29.767,30.462,28.221,26.435,20.948,30.236,20.718,13.277
92.276,50.912,29.901,30.462,28.37,26.59,20.894,30.145,20.58,13.29
92.894,50.912,30.286,30.462,28.817,27.061,21.171,30.524,21.276,13.666
93.027,50.912,30.571,30.462,29.162,27.435,21.373,30.781,21.738,13.963
93.235,50.912,30.717,30.462,29.343,27.636,21.458,30.886,21.923,14.094
92.977,50.912,30.723,30.462,29.349,27.643,21.44,30.867,21.892,14.071
93.059,50.912,30.716,30.462,29.341,27.634,21.404,30.804,21.783,13.994
92.759,50.912,30.758,30.462,29.393,27.692,21.424,30.817,21.806,14.01
92.809,50.912,30.776,30.462,29.415,27.718,21.427,30.795,21.761,13.978
92.66,50.912,30.864,30.462,29.523,27.841,21.488,30.861,21.871,14.056
93.001,50.912,30.974,30.462,29.659,28,21.578,30.98,22.077,14.209
92.756,50.912,30.981,30.462,29.667,28.01,21.575,30.983,22.084,14.214
92.921,50.912,30.923,30.462,29.595,27.925,21.507,30.925,21.986,14.14
92.715,50.912,30.886,30.462,29.55,27.872,21.437,30.845,21.85,14.041
92.909,50.912,30.821,30.462,29.47,27.78,21.34,30.741,21.666,13.913
92.794,50.912,30.757,30.462,29.391,27.69,21.237,30.627,21.458,13.777
93.255,50.912,30.628,30.462,29.233,27.513,21.155,30.537,21.296,13.678
93.467,50.912,30.562,30.462,29.152,27.423,21.154,30.542,21.307,13.684
94.004,50.912,30.59,30.462,29.186,27.461,21.202,30.605,21.422,13.755
94.114,50.912,30.623,30.462,29.226,27.506,21.256,30.673,21.554,13.839
94.473,50.912,30.62,30.462,29.223,27.502,21.247,30.667,21.544,13.833
94.367,50.912,30.42,30.462,28.979,27.235,21.035,30.408,21.081,13.552
94.36,50.704,30.442,30.462,29.005,27.264,20.971,30.315,20.904,13.455
92.579,49.495,30.677,30.462,29.293,27.58,20.66,29.892,20.135,13.088
93.691,50.191,30.788,30.462,29.429,27.734,20.957,30.307,20.881,13.443
92.079,49.043,30.738,30.462,29.369,27.665,20.521,29.704,19.788,12.949
94.152,50.549,30.665,30.462,29.279,27.564,21.037,30.417,21.086,13.555
91.953,48.925,30.662,30.462,29.274,27.559,20.476,29.635,19.675,12.906
94.009,50.44,30.725,30.462,29.352,27.646,21.071,30.459,21.159,13.597
91.949,48.921,30.759,30.462,29.394,27.693,20.538,29.734,19.85,12.973
93.6,50.118,30.865,30.462,29.525,27.843,21.091,30.488,21.211,13.627
91.587,48.575,31.06,30.462,29.763,28.125,20.709,30.013,20.367,13.086
94.247,50.914,31.715,30.462,30.497,29.143,22.077,31.555,23.109,14.979
93.956,50.914,31.759,30.462,30.54,29.217,22.122,31.597,23.185,15.062
93.488,50.914,31.828,30.462,30.605,29.331,22.174,31.644,23.267,15.153
92.964,50.914,31.882,30.462,30.653,29.421,22.207,31.673,23.318,15.211
92.365,50.914,31.918,30.462,30.684,29.483,22.248,31.709,23.379,15.283
93.32,51.733,31.969,30.462,30.726,29.568,22.737,32.089,24.025,16.165
94.456,52.388,32.029,30.462,30.774,29.671,23.176,32.38,24.505,17.03
94.873,52.606,32.095,30.462,30.822,29.785,23.366,32.493,24.687,17.43
95.117,52.729,32.141,30.462,30.854,29.865,23.484,32.56,24.793,17.688
95.291,52.814,32.174,30.462,30.875,29.924,23.571,32.606,24.867,17.881
95.387,52.86,32.196,30.462,30.889,29.963,23.62,32.632,24.908,17.994
95.357,52.846,32.22,30.462,30.904,30.005,23.639,32.642,24.924,18.039
95.484,52.906,32.234,30.462,30.912,30.029,23.696,32.671,24.967,18.166
95.526,52.926,32.28,30.462,30.937,30.111,23.741,32.694,25.002,18.269
95.733,53.022,32.321,30.462,30.958,30.185,23.825,32.734,25.063,18.458
95.842,53.072,32.309,30.462,30.952,30.163,23.846,32.744,25.078,18.508
95.835,53.068,32.341,30.462,30.967,30.221,23.879,32.759,25.102,18.587
95.826,53.064,32.343,30.462,30.968,30.224,23.898,32.768,25.116,18.637
96.083,53.178,32.363,30.462,30.976,30.259,24.01,32.818,25.188,18.899
96.347,53.292,32.385,30.462,30.986,30.3,24.125,32.866,25.258,19.175
96.215,53.236,32.401,30.462,30.992,30.328,24.107,32.858,25.247,19.133
96.481,53.348,32.414,30.462,30.997,30.353,24.2,32.896,25.301,19.363
96.585,53.39,32.418,30.462,30.998,30.359,24.23,32.908,25.317,19.435
96.6,53.397,32.407,30.462,30.994,30.339,24.218,32.903,25.311,19.403
96.793,53.474,32.42,30.462,30.999,30.364,24.274,32.924,25.341,19.539
96.5,53.356,32.436,30.462,31.005,30.393,24.205,32.898,25.303,19.369
96.488,53.35,32.417,30.462,30.998,30.358,24.2,32.896,25.3,19.356
96.693,53.434,32.41,30.462,30.996,30.346,24.264,32.92,25.334,19.512
96.759,53.461,32.423,30.462,31,30.369,24.295,32.932,25.35,19.59
96.244,53.248,32.437,30.462,31.005,30.395,24.154,32.878,25.273,19.243
96.633,53.41,32.452,30.462,31.01,30.422,24.286,32.927,25.347,19.519
96.952,53.536,32.541,30.462,31.034,30.586,24.457,32.988,25.429,19.95
96.839,53.492,32.541,30.462,31.034,30.585,24.427,32.978,25.416,19.877
96.842,53.493,32.097,30.462,30.824,29.789,24.113,32.86,25.252,19.107
96.83,53.488,32.28,30.462,30.937,30.11,24.243,32.911,25.324,19.419
96.802,53.477,32.413,30.462,30.997,30.35,24.337,32.946,25.372,19.655
96.837,53.491,32.416,30.462,30.998,30.356,24.361,32.955,25.384,19.721
97.099,53.593,32.426,30.462,31.001,30.375,24.45,32.986,25.426,19.946
96.992,53.552,32.434,30.462,31.004,30.389,24.423,32.977,25.414,19.876
97.025,53.564,32.445,30.462,31.008,30.408,24.442,32.983,25.423,19.923
97.044,53.572,32.451,30.462,31.01,30.421,24.458,32.989,25.43,19.965
97.125,53.603,32.455,30.462,31.011,30.428,24.49,33,25.444,20.05
97.101,53.594,32.457,30.462,31.012,30.431,24.489,33,25.444,20.054
97.11,53.597,32.458,30.462,31.012,30.433,24.495,33.002,25.447,20.077
97.285,53.663,32.463,30.462,31.014,30.441,24.553,33.021,25.472,20.23
96.893,53.538,32.467,30.462,31.015,30.449,24.46,32.99,25.432,19.991
96.934,53.578,32.447,30.462,31.008,30.412,24.477,32.996,25.44,20.032
97.173,53.691,32.448,30.462,31.009,30.414,24.572,33.027,25.479,20.274
96.92,53.621,32.452,30.462,31.01,30.422,24.522,33.011,25.459,20.152
96.647,53.541,32.471,30.462,31.016,30.456,24.475,32.996,25.439,20.034
96.764,53.61,32.47,30.462,31.016,30.454,24.53,33.014,25.463,20.18
96.886,53.68,32.47,30.462,31.016,30.454,24.588,33.032,25.486,20.33
96.796,53.67,32.468,30.462,31.015,30.451,24.581,33.03,25.484,20.311
96.587,53.616,32.444,30.462,31.007,30.406,24.521,33.011,25.459,20.159
96.642,53.66,32.467,30.462,31.015,30.45,24.575,33.028,25.481,20.299
96.666,53.693,32.47,30.462,31.016,30.454,24.603,33.037,25.492,20.371
96.523,53.664,32.472,30.462,31.016,30.457,24.575,33.028,25.481,20.295
96.386,53.637,32.481,30.462,31.019,30.474,24.561,33.024,25.476,20.26
96.228,53.602,32.48,30.462,31.019,30.473,24.535,33.016,25.465,20.196
96.277,53.645,32.471,30.462,31.016,30.457,24.565,33.025,25.477,20.273
95.196,53.336,32.467,30.462,31.015,30.448,24.325,32.944,25.37,19.665
96.398,53.764,32.428,30.462,31.002,30.378,24.636,33.046,25.503,20.413
96.363,53.751,32.45,30.462,31.01,30.418,24.642,33.042,25.499,20.384
96.506,53.802,32.489,30.462,31.021,30.489,24.712,33.058,25.518,20.527
96.409,53.768,32.504,30.462,31.025,30.516,24.695,33.057,25.517,20.52
96.411,53.768,32.533,30.462,31.032,30.571,24.717,33.065,25.526,20.583
96.379,53.757,32.517,30.462,31.029,30.542,24.694,33.06,25.519,20.5
96.356,53.749,32.505,30.462,31.025,30.518,24.676,33.055,25.512,20.442
96.313,53.733,32.494,30.462,31.023,30.499,24.654,33.049,25.504,20.382
96.258,53.713,32.492,30.462,31.022,30.494,24.637,33.044,25.499,20.359
96.092,53.652,32.492,30.462,31.022,30.494,24.589,33.029,25.482,20.254
96.255,53.712,32.501,30.462,31.024,30.511,24.646,33.046,25.503,20.407
96.335,53.741,32.507,30.462,31.026,30.523,24.674,33.055,25.514,20.482
96.164,53.679,32.512,30.462,31.027,30.531,24.627,33.041,25.497,20.373
96.271,53.718,32.491,30.462,31.022,30.493,24.646,33.047,25.505,20.428
96.344,53.745,32.512,30.462,31.027,30.531,24.685,33.059,25.519,20.53
96.29,53.725,32.55,30.462,31.036,30.602,24.698,33.062,25.523,20.561
96.424,53.773,32.537,30.462,31.033,30.579,24.729,33.071,25.532,20.63
96.302,53.73,32.528,30.462,31.031,30.56,24.685,33.059,25.516,20.504
96.438,53.778,32.531,30.462,31.032,30.567,24.731,33.072,25.532,20.621
96.447,53.781,32.536,30.462,31.033,30.575,24.738,33.074,25.534,20.637
96.103,53.657,32.506,30.462,31.026,30.52,24.613,33.038,25.489,20.316
95.991,53.615,32.462,30.462,31.013,30.44,24.545,33.016,25.463,20.143
95.971,53.607,32.488,30.462,31.021,30.488,24.553,33.018,25.466,20.158
95.974,53.609,32.489,30.462,31.021,30.489,24.55,33.016,25.465,20.151
96.089,53.652,32.494,30.462,31.023,30.499,24.587,33.028,25.48,20.252
96.188,53.688,32.503,30.462,31.025,30.516,24.625,33.04,25.494,20.353
96.13,53.667,32.508,30.462,31.026,30.525,24.614,33.036,25.49,20.327
96.235,53.705,32.503,30.462,31.025,30.515,24.644,33.045,25.502,20.408
96.154,53.676,32.487,30.462,31.021,30.485,24.609,33.035,25.489,20.318
96.213,53.698,32.511,30.462,31.027,30.529,24.644,33.046,25.502,20.412
96.057,53.646,32.511,30.462,31.027,30.529,24.598,33.029,25.48,20.302
96.079,53.654,32.525,30.462,31.03,30.556,24.613,33.034,25.486,20.343
96.062,53.648,32.527,30.462,31.031,30.56,24.609,33.033,25.485,20.335
96.133,53.675,32.53,30.462,31.031,30.564,24.634,33.041,25.495,20.4
96.122,53.67,32.531,30.462,31.032,30.566,24.633,33.041,25.495,20.4
96.037,53.639,32.531,30.462,31.032,30.566,24.61,33.034,25.486,20.341
96.068,53.651,32.532,30.462,31.032,30.568,24.62,33.037,25.49,20.37
96.094,53.66,32.533,30.462,31.032,30.571,24.627,33.039,25.493,20.387
96.042,53.641,32.535,30.462,31.033,30.573,24.611,33.034,25.487,20.341
95.962,53.611,32.536,30.462,31.033,30.577,24.586,33.027,25.477,20.278
95.978,53.617,32.536,30.462,31.033,30.577,24.587,33.027,25.477,20.279
95.278,53.34,32.533,30.462,31.032,30.57,24.369,32.954,25.381,19.724
95.474,53.42,32.525,30.462,31.03,30.555,24.418,32.971,25.404,19.823
95.491,53.427,32.515,30.462,31.028,30.537,24.417,32.97,25.401,19.801
95.493,53.428,32.511,30.462,31.027,30.529,24.414,32.967,25.398,19.795
95.4,53.39,32.514,30.462,31.028,30.535,24.385,32.956,25.383,19.728
95.349,53.369,32.517,30.462,31.029,30.542,24.371,32.951,25.376,19.693
95.405,53.392,32.511,30.462,31.027,30.531,24.384,32.955,25.382,19.728
95.425,53.401,32.495,30.462,31.023,30.501,24.381,32.954,25.38,19.719
95.422,53.399,32.496,30.462,31.023,30.503,24.38,32.954,25.38,19.717
95.389,53.386,32.5,30.462,31.024,30.509,24.372,32.951,25.376,19.7
95.375,53.38,32.501,30.462,31.025,30.512,24.372,32.951,25.377,19.702
95.386,53.385,32.503,30.462,31.025,30.515,24.379,32.953,25.379,19.715
95.33,53.362,32.503,30.462,31.025,30.515,24.363,32.948,25.37,19.664
95.39,53.386,32.5,30.462,31.024,30.511,24.372,32.952,25.375,19.677
95.339,53.365,32.493,30.462,31.022,30.496,24.338,32.939,25.358,19.55
95.246,53.327,32.473,30.462,31.017,30.46,24.296,32.923,25.334,19.455
95.252,53.329,32.474,30.462,31.017,30.461,24.302,32.924,25.336,19.457
95.372,53.379,32.48,30.462,31.019,30.472,24.346,32.94,25.358,19.576
95.354,53.371,32.483,30.462,31.02,30.478,24.347,32.939,25.356,19.578
95.223,53.317,32.489,30.462,31.021,30.489,24.315,32.928,25.34,19.501
95.361,53.37,32.496,30.462,31.023,30.502,24.365,32.953,25.372,19.63
95.637,53.481,32.484,30.462,31.02,30.481,24.441,32.979,25.407,19.638
95.588,53.461,32.46,30.462,31.013,30.436,24.404,32.966,25.378,19.313
95.434,53.4,32.432,30.462,31.004,30.386,24.333,32.94,25.34,19.307
95.342,53.362,32.449,30.462,31.009,30.415,24.317,32.932,25.334,19.353
95.285,53.339,32.466,30.462,31.015,30.446,24.313,32.93,25.332,19.368
95.24,53.32,32.462,30.462,31.013,30.44,24.297,32.925,25.328,19.349
95.301,53.345,32.455,30.462,31.011,30.427,24.312,32.931,25.336,19.407
95.22,53.311,32.458,30.462,31.012,30.432,24.291,32.924,25.324,19.36
95.21,53.307,32.463,30.462,31.014,30.442,24.291,32.924,25.323,19.323
95.264,53.33,32.466,30.462,31.015,30.447,24.309,32.929,25.329,19.309
95.351,53.366,32.458,30.462,31.012,30.433,24.326,32.935,25.337,19.327
95.245,53.322,32.455,30.462,31.011,30.427,24.287,32.914,25.307,19.18
95.162,53.287,32.439,30.462,31.006,30.399,24.245,32.891,25.272,19.053
95.157,53.285,32.437,30.462,31.005,30.395,24.245,32.89,25.274,19.101
95.283,53.338,32.457,30.462,31.012,30.43,24.303,32.916,25.312,19.288
95.295,53.343,32.468,30.462,31.015,30.452,24.319,32.926,25.33,19.381
95.376,53.376,32.459,30.462,31.012,30.434,24.338,32.935,25.344,19.436
95.362,53.37,32.475,30.462,31.017,30.464,24.347,32.939,25.352,19.48
95.214,53.309,32.473,30.462,31.017,30.46,24.298,32.922,25.328,19.369
95.205,53.305,32.469,30.462,31.015,30.452,24.291,32.919,25.324,19.358
95.286,53.339,32.473,30.462,31.017,30.459,24.321,32.928,25.338,19.433
95.231,53.316,32.469,30.462,31.016,30.453,24.303,32.92,25.327,19.381
95.259,53.328,32.47,30.462,31.016,30.455,24.309,32.923,25.332,19.396
95.341,53.362,32.468,30.462,31.015,30.452,24.335,32.932,25.344,19.462
95.317,53.352,32.469,30.462,31.016,30.454,24.33,32.928,25.338,19.442
95.273,53.333,32.48,30.462,31.019,30.472,24.324,32.927,25.336,19.422
95.305,53.347,32.486,30.462,31.021,30.485,24.337,32.934,25.345,19.389
95.199,53.303,32.476,30.462,31.018,30.466,24.29,32.917,25.319,19.237
95.289,53.34,32.466,30.462,31.015,30.447,24.311,32.922,25.327,19.274
95.339,53.352,32.465,30.462,31.014,30.445,24.331,32.926,25.334,19.38
94.94,53.188,32.5,30.462,31.024,30.509,24.241,32.892,25.286,19.19
94.966,53.203,32.54,30.462,31.034,30.584,24.287,32.912,25.314,19.327
94.945,53.199,32.552,30.462,31.036,30.606,24.296,32.919,25.323,19.38
95.088,53.265,32.567,30.462,31.039,30.633,24.358,32.944,25.357,19.549
94.919,53.198,32.569,30.462,31.039,30.636,24.312,32.928,25.333,19.442
95.069,53.266,32.569,30.462,31.039,30.637,24.36,32.947,25.361,19.574
95.005,53.243,32.541,30.462,31.034,30.585,24.32,32.932,25.34,19.471
94.891,53.198,32.452,30.462,31.01,30.422,24.221,32.894,25.286,19.217
94.841,53.179,32.432,30.462,31.004,30.385,24.186,32.879,25.263,19.063
94.822,53.174,32.405,30.462,30.994,30.336,24.161,32.861,25.235,18.988
94.853,53.192,32.402,30.462,30.993,30.331,24.175,32.858,25.23,18.969
94.856,53.197,32.417,30.462,30.998,30.359,24.191,32.869,25.249,19.052
94.792,53.173,32.423,30.462,31,30.369,24.18,32.867,25.246,19.04
94.724,53.148,32.414,30.462,30.997,30.352,24.154,32.858,25.233,18.97
94.742,53.159,32.431,30.462,31.003,30.383,24.176,32.869,25.249,19.048
94.954,53.255,32.447,30.462,31.009,30.413,24.258,32.902,25.297,19.259
94.759,53.181,32.423,30.462,31,30.368,24.195,32.879,25.267,19.141
94.921,53.256,32.435,30.462,31.004,30.39,24.264,32.907,25.308,19.329
94.92,53.26,32.445,30.462,31.008,30.409,24.274,32.913,25.318,19.371
94.867,53.24,32.449,30.462,31.009,30.416,24.26,32.912,25.316,19.352
94.952,53.279,32.44,30.462,31.006,30.4,24.276,32.916,25.321,19.351
94.882,53.252,32.425,30.462,31.001,30.373,24.239,32.896,25.292,19.186
94.725,53.186,32.408,30.462,30.995,30.341,24.173,32.863,25.245,19.01
94.82,53.23,32.412,30.462,30.996,30.348,24.209,32.882,25.272,19.138
94.822,53.234,32.436,30.462,31.005,30.393,24.23,32.892,25.287,19.211
94.806,53.231,32.431,30.462,31.003,30.384,24.226,32.891,25.288,19.216
94.688,53.185,32.433,30.462,31.004,30.387,24.195,32.88,25.272,19.153
94.746,53.214,32.43,30.462,31.003,30.382,24.217,32.889,25.286,19.206
94.753,53.222,32.428,30.462,31.002,30.378,24.222,32.891,25.286,19.178
94.779,53.238,32.419,30.462,30.999,30.362,24.229,32.895,25.291,19.214
94.767,53.244,32.462,30.462,31.013,30.44,24.256,32.92,25.31,19.211
95.035,53.357,32.332,30.462,30.963,30.205,24.247,32.916,25.308,19.216
95.076,53.373,32.282,30.462,30.938,30.114,24.224,32.908,25.297,19.171
95.14,53.4,32.28,30.462,30.937,30.111,24.245,32.916,25.305,19.207
95.181,53.416,32.279,30.462,30.936,30.109,24.258,32.921,25.312,19.247
95.134,53.397,32.283,30.462,30.938,30.116,24.248,32.917,25.302,19.215
95.309,53.467,32.293,30.462,30.944,30.134,24.31,32.94,25.331,19.349
95.244,53.441,32.294,30.462,30.944,30.136,24.289,32.932,25.315,19.27
95.235,53.438,32.284,30.462,30.939,30.118,24.276,32.927,25.303,19.208
95.139,53.399,32.259,30.462,30.926,30.075,24.211,32.903,25.265,19.041
95.198,53.423,32.252,30.462,30.922,30.061,24.226,32.908,25.269,19.075
95.241,53.44,32.254,30.462,30.923,30.064,24.246,32.916,25.279,19.091
94.35,53.061,32.253,30.462,30.922,30.063,23.915,32.778,25.066,18.16
93.85,52.828,32.237,30.462,30.913,30.034,23.747,32.7,24.944,17.483
93.852,52.829,32.223,30.462,30.906,30.011,23.753,32.703,24.957,17.459
93.84,52.823,32.214,30.462,30.9,29.995,23.753,32.702,24.962,17.695
93.843,52.825,32.213,30.462,30.9,29.993,23.765,32.709,24.973,17.826
93.919,52.861,32.196,30.462,30.889,29.963,23.77,32.711,24.977,17.364
93.99,52.895,32.112,30.462,30.834,29.815,23.629,32.638,24.855,16.923
93.845,52.825,32.047,30.462,30.788,29.703,23.556,32.598,24.785,16.601
93.801,52.804,32.046,30.462,30.787,29.7,23.564,32.602,24.779,16.383
93.921,52.862,32.02,30.462,30.767,29.656,23.581,32.61,24.784,16.068
93.878,52.841,31.952,30.462,30.712,29.539,23.471,32.547,24.654,14.864
93.692,52.751,31.723,30.462,30.505,29.158,23.174,32.37,24.326,14.864
93.616,52.714,31.755,30.462,30.536,29.21,23.186,32.371,24.364,15.31
93.56,52.686,31.921,30.462,30.687,29.487,23.353,32.48,24.546,15.887
93.727,52.768,31.956,30.462,30.716,29.546,23.431,32.526,24.602,15.913
93.524,52.668,32.029,30.462,30.774,29.671,23.448,32.534,24.623,16.321
93.809,52.808,32.089,30.462,30.818,29.775,23.606,32.624,24.779,16.842
93.997,52.898,32.128,30.462,30.845,29.843,23.71,32.678,24.873,17.196
93.852,52.829,32.154,30.462,30.862,29.888,23.693,32.671,24.871,17.186
93.917,52.859,32.178,30.462,30.878,29.93,23.729,32.688,24.91,17.54
94.181,52.983,32.246,30.462,30.919,30.051,23.867,32.754,25.019,17.912
94.219,53,32.245,30.462,30.918,30.049,23.882,32.761,25.038,17.991
94.252,53.015,32.305,30.462,30.949,30.155,23.94,32.788,25.083,18.169
94.322,53.047,32.318,30.462,30.956,30.179,23.974,32.803,25.11,18.285
94.216,52.999,32.325,30.462,30.959,30.191,23.945,32.791,25.09,18.165
94.228,53.004,32.32,30.462,30.957,30.182,23.94,32.788,25.083,18.12
94.268,53.023,32.313,30.462,30.953,30.17,23.949,32.791,25.083,18.156
94.308,53.041,32.313,30.462,30.954,30.171,23.963,32.797,25.103,18.235
94.287,53.031,32.316,30.462,30.955,30.175,23.958,32.795,25.106,18.261
94.158,52.972,32.319,30.462,30.956,30.18,23.923,32.78,25.088,18.222
94.164,52.975,32.317,30.462,30.955,30.177,23.926,32.781,25.093,18.25
94.164,52.975,32.267,30.462,30.93,30.088,23.859,32.75,25.043,18.083
94.081,52.936,32.213,30.462,30.9,29.993,23.799,32.722,24.995,17.955
94.057,52.925,32.215,30.462,30.901,29.996,23.795,32.719,24.993,17.869
93.915,52.858,32.2,30.462,30.892,29.97,23.719,32.683,24.935,17.422
93.402,52.605,32.139,30.462,30.853,29.862,23.438,32.537,24.689,16.807
93.167,52.484,32.159,30.462,30.866,29.897,23.405,32.519,24.653,16.849
93.353,52.58,32.202,30.462,30.893,29.972,23.526,32.585,24.763,17.187
93.608,52.708,32.226,30.462,30.907,30.015,23.641,32.646,24.862,17.475
93.73,52.769,32.239,30.462,30.914,30.038,23.701,32.676,24.911,17.638
93.819,52.812,32.258,30.462,30.925,30.072,23.751,32.701,24.956,17.791
93.855,52.829,32.269,30.462,30.931,30.092,23.777,32.713,24.983,17.892
93.927,52.864,32.277,30.462,30.935,30.106,23.81,32.729,25.009,17.988
93.999,52.898,32.288,30.462,30.941,30.126,23.845,32.746,25.035,18.08
93.925,52.863,32.297,30.462,30.946,30.142,23.832,32.74,25.026,18.063
93.89,52.846,32.303,30.462,30.949,30.153,23.827,32.738,25.023,18.06
94.102,52.946,32.307,30.462,30.951,30.159,23.897,32.77,25.073,18.221
93.864,52.873,32.346,30.462,30.969,30.229,23.869,32.757,25.057,18.312
94.799,53.325,32.423,30.462,31,30.369,24.244,32.914,25.289,19.172
94.67,53.304,32.424,30.462,31.001,30.371,24.234,32.91,25.283,19.151
94.593,53.305,32.426,30.462,31.001,30.374,24.239,32.912,25.289,19.185
94.602,53.341,32.428,30.462,31.002,30.377,24.27,32.924,25.308,19.276
94.481,53.324,32.429,30.462,31.002,30.38,24.259,32.92,25.306,19.251
94.235,53.255,32.409,30.462,30.995,30.343,24.159,32.88,25.248,18.843
94.048,53.209,32.373,30.462,30.981,30.279,24.072,32.844,25.19,18.679
93.961,53.206,32.381,30.462,30.984,30.293,24.09,32.849,25.2,18.742
93.85,53.193,32.395,30.462,30.99,30.318,24.102,32.856,25.213,18.816
93.802,53.207,32.412,30.462,30.996,30.348,24.132,32.869,25.236,18.916
93.871,53.271,32.423,30.462,31,30.368,24.192,32.893,25.272,19.065
93.577,53.179,32.428,30.462,31.002,30.377,24.132,32.869,25.237,18.914
93.769,53.296,32.421,30.462,31,30.365,24.202,32.897,25.277,19.019
93.426,53.185,32.376,30.462,30.982,30.283,24.066,32.841,25.192,18.658
93.415,53.215,32.349,30.462,30.971,30.236,24.059,32.837,25.186,18.642
93.052,53.092,32.333,30.462,30.963,30.206,23.942,32.787,25.11,18.403
93.12,53.158,32.324,30.462,30.959,30.19,23.996,32.81,25.146,18.553
93.101,53.186,32.357,30.462,30.974,30.25,24.05,32.834,25.183,18.699
92.988,53.172,32.376,30.462,30.982,30.284,24.064,32.84,25.189,18.733
92.904,53.171,32.389,30.462,30.987,30.307,24.08,32.847,25.195,18.766
92.757,53.143,32.395,30.462,30.99,30.318,24.071,32.843,25.189,18.755
92.809,53.202,32.401,30.462,30.992,30.329,24.121,32.864,25.221,18.884
92.794,53.232,32.404,30.462,30.993,30.335,24.151,32.877,25.236,18.943
93.445,53.531,32.402,30.462,30.993,30.331,24.376,32.961,25.36,19.495
93.067,53.415,32.403,30.462,30.993,30.332,24.289,32.93,25.316,19.29
93.236,53.515,32.409,30.462,30.995,30.344,24.371,32.96,25.357,19.486
92.872,53.403,32.408,30.462,30.995,30.341,24.284,32.928,25.314,19.283
93.019,53.496,32.379,30.462,30.983,30.288,24.328,32.944,25.339,19.398
92.8,53.442,32.371,30.462,30.98,30.275,24.279,32.926,25.313,19.282
92.844,53.493,32.39,30.462,30.988,30.309,24.331,32.945,25.341,19.417
93.283,53.646,32.393,30.462,30.989,30.314,24.467,32.993,25.41,19.785
93.679,53.775,32.462,30.462,31.013,30.44,24.626,33.044,25.476,20.165
93.673,53.759,32.461,30.462,31.013,30.437,24.612,33.04,25.471,20.141
93.737,53.767,32.469,30.462,31.016,30.453,24.628,33.045,25.477,20.187
93.696,53.738,32.471,30.462,31.016,30.455,24.605,33.038,25.468,20.12
93.704,53.727,32.452,30.462,31.01,30.422,24.578,33.03,25.457,20.034
93.564,53.661,32.408,30.462,30.995,30.341,24.49,33.001,25.42,19.825
91.515,52.966,32.364,30.462,30.977,30.262,23.945,32.791,25.117,18.543
91.275,53.033,32.379,30.462,30.983,30.289,24.002,32.816,25.156,18.656
90.739,52.966,32.37,30.462,30.98,30.273,23.943,32.79,25.116,18.465
90.428,53.003,32.295,30.462,30.944,30.137,23.911,32.775,25.095,18.433
89.928,52.955,32.284,30.462,30.939,30.118,23.87,32.757,25.068,18.363
89.536,52.959,32.329,30.462,30.961,30.198,23.911,32.775,25.097,18.469
89.345,53.057,32.364,30.462,30.977,30.262,24.01,32.819,25.164,18.709
88.943,53.059,32.39,30.462,30.988,30.309,24.038,32.831,25.182,18.786
89.116,53.264,32.416,30.462,30.998,30.356,24.208,32.9,25.284,19.197
88.771,53.243,32.465,30.462,31.014,30.445,24.236,32.911,25.298,19.262
88.582,53.289,32.473,30.462,31.017,30.46,24.278,32.927,25.321,19.364
88.249,53.275,32.476,30.462,31.018,30.465,24.263,32.922,25.313,19.319
87.744,53.187,32.47,30.462,31.016,30.454,24.187,32.892,25.271,19.146
87.361,53.152,32.473,30.462,31.017,30.46,24.166,32.884,25.259,19.103
87.137,53.188,32.482,30.462,31.019,30.476,24.198,32.897,25.277,19.182
86.794,53.172,32.484,30.462,31.02,30.481,24.188,32.893,25.272,19.159
86.474,53.167,32.487,30.462,31.021,30.486,24.18,32.89,25.268,19.128
86.029,53.108,32.478,30.462,31.018,30.468,24.123,32.867,25.229,18.974
85.813,53.151,32.476,30.462,31.018,30.465,24.153,32.879,25.247,19.05
85.519,53.16,32.481,30.462,31.019,30.474,24.169,32.885,25.256,19.092
85.286,53.196,32.481,30.462,31.019,30.475,24.201,32.898,25.278,19.189
84.87,53.153,32.483,30.462,31.02,30.478,24.177,32.888,25.268,19.148
84.573,53.164,32.484,30.462,31.02,30.48,24.185,32.892,25.274,19.17
86.388,53.817,32.463,30.462,31.014,30.441,24.67,33.057,25.506,20.692
86.527,53.817,32.254,30.462,30.923,30.064,24.513,33.009,25.443,20.28
86.671,53.817,32.219,30.462,30.903,30.003,24.473,32.996,25.426,20.181
86.939,53.817,32.149,30.462,30.859,29.879,24.397,32.97,25.39,19.985
87.337,53.817,32.031,30.462,30.775,29.674,24.284,32.928,25.332,19.694
87.908,53.817,31.87,30.462,30.642,29.401,24.153,32.877,25.258,19.363
88.688,53.817,31.755,30.462,30.536,29.21,24.063,32.839,25.203,19.142
89.533,53.817,31.768,30.462,30.548,29.231,24.072,32.843,25.208,19.163
90.408,53.817,31.816,30.462,30.593,29.31,24.108,32.858,25.23,19.25
91.24,53.817,31.823,30.462,30.6,29.323,24.119,32.862,25.236,19.274
92.041,53.817,31.863,30.462,30.636,29.39,24.159,32.879,25.26,19.373
92.776,53.817,31.922,30.462,30.688,29.489,24.214,32.901,25.293,19.513
93.436,53.817,31.967,30.462,30.725,29.565,24.258,32.918,25.315,19.614
94.026,53.817,32.014,30.462,30.763,29.646,24.297,32.933,25.336,19.713
94.566,53.817,32.037,30.462,30.78,29.685,24.316,32.94,25.346,19.761
93.801,53.447,32,30.462,30.751,29.621,23.965,32.799,25.137,18.898
93.84,53.379,31.808,30.462,30.586,29.298,23.707,32.679,24.951,18.296
93.585,53.184,31.536,30.462,30.312,28.854,23.324,32.474,24.621,17.452
93.482,53.046,31.339,30.462,30.093,28.546,23.064,32.316,24.36,16.909
93.484,52.953,31.234,30.462,29.971,28.385,22.93,32.228,24.213,16.639
93.592,52.908,31.306,30.462,30.055,28.495,22.936,32.232,24.221,16.653
93.471,52.752,31.325,30.462,30.077,28.525,22.819,32.153,24.089,16.426
92.665,52.225,31.267,30.462,30.01,28.436,22.445,31.878,23.627,15.74
93.587,52.609,31.2,30.462,29.93,28.333,22.609,32.002,23.844,16.044
92.71,52.024,31.179,30.462,29.906,28.302,22.228,31.7,23.326,15.363
93.546,52.38,31.062,30.462,29.765,28.128,22.281,31.745,23.404,15.456
92.276,51.518,30.946,30.462,29.623,27.958,21.756,31.27,22.576,14.59
93.405,52.083,31.063,30.462,29.766,28.129,22.172,31.653,23.246,15.27
93.105,51.791,31.213,30.462,29.946,28.353,22.18,31.661,23.261,15.287
94.54,52.493,31.319,30.462,30.07,28.515,22.686,32.061,23.947,16.199
94.11,52.154,31.439,30.462,30.207,28.702,22.586,31.988,23.824,16.015
93.951,52.063,31.518,30.462,30.292,28.825,22.57,31.976,23.805,16.052
92.879,51.404,31.312,30.462,30.062,28.505,22.012,31.515,23.011,15.067
93.462,51.773,31.132,30.462,29.849,28.231,21.955,31.463,22.919,14.972
92.123,50.861,30.873,30.462,29.535,27.855,21.264,30.749,21.656,13.921
92.317,51.025,30.688,30.462,29.306,27.595,21.234,30.714,21.59,13.877
92.353,50.861,30.584,30.462,29.179,27.453,21.108,30.563,21.319,13.705
92.257,50.861,30.63,30.462,29.235,27.515,21.149,30.612,21.408,13.76
92.537,50.861,30.748,30.462,29.38,27.678,21.272,30.758,21.67,13.93
92.496,50.861,30.853,30.462,29.51,27.826,21.401,30.903,21.924,14.11
92.737,50.861,30.83,30.462,29.482,27.794,21.451,30.958,22.022,14.183
92.56,50.861,30.83,30.462,29.482,27.794,21.509,31.02,22.128,14.264
92.509,50.861,31.085,30.462,29.793,28.162,21.719,31.237,22.513,14.585
92.439,51.109,31.235,30.462,29.972,28.387,21.955,31.463,22.911,14.964
93.388,51.728,31.292,30.462,30.039,28.474,22.301,31.766,23.436,15.555
94.042,52.115,31.262,30.462,30.004,28.428,22.474,31.904,23.674,15.866
93.08,51.534,31.161,30.462,29.884,28.275,22.091,31.587,23.133,15.199
93.719,51.927,31.252,30.462,29.992,28.413,22.346,31.803,23.508,15.647
93.117,51.558,31.299,30.462,30.047,28.485,22.184,31.668,23.282,15.369
93.891,52.028,31.283,30.462,30.029,28.46,22.413,31.857,23.608,15.777
93.303,51.675,31.238,30.462,29.975,28.391,22.189,31.673,23.291,15.38
93.857,52.008,31.2,30.462,29.931,28.334,22.319,31.782,23.479,15.609
93.345,51.701,31.188,30.462,29.916,28.316,22.156,31.645,23.243,15.324
93.832,51.994,31.164,30.462,29.888,28.279,22.319,31.782,23.48,15.61
93.707,51.92,31.205,30.462,29.937,28.341,22.331,31.792,23.497,15.632
94.129,52.164,31.248,30.462,29.987,28.406,22.517,31.939,23.745,15.966
94.249,52.231,31.352,30.462,30.108,28.565,22.638,32.03,23.895,16.186
94.441,52.336,31.395,30.462,30.156,28.632,22.74,32.104,24.02,16.38
94.271,52.243,31.359,30.462,30.116,28.577,22.685,32.065,23.954,16.277
94.287,52.252,31.356,30.462,30.112,28.572,22.715,32.086,23.99,16.333
94.503,52.37,31.39,30.462,30.152,28.625,22.829,32.166,24.125,16.555
94.76,52.5,31.521,30.462,30.296,28.83,23.029,32.299,24.345,16.961
96.102,53.145,31.969,30.462,30.726,29.568,23.778,32.716,25.015,18.585
96.193,53.185,32.021,30.462,30.768,29.658,23.84,32.745,25.061,18.732
96.311,53.236,31.968,30.462,30.726,29.567,23.824,32.738,25.05,18.696
96.341,53.249,31.989,30.462,30.743,29.603,23.85,32.75,25.069,18.758
96.327,53.243,32.022,30.462,30.769,29.66,23.884,32.765,25.092,18.837
96.456,53.298,32.062,30.462,30.798,29.728,23.96,32.799,25.144,19.019
96.599,53.358,32.1,30.462,30.826,29.794,24.033,32.83,25.191,19.192
96.617,53.365,32.132,30.462,30.848,29.85,24.068,32.845,25.213,19.28
96.685,53.393,32.158,30.462,30.865,29.895,24.115,32.865,25.242,19.396
96.93,53.492,32.169,30.462,30.872,29.914,24.203,32.9,25.293,19.614
96.868,53.467,32.177,30.462,30.877,29.929,24.198,32.898,25.29,19.602
96.931,53.492,32.194,30.462,30.888,29.958,24.236,32.912,25.311,19.698
97.041,53.535,32.203,30.462,30.893,29.975,24.278,32.928,25.337,19.818
97.124,53.567,32.232,30.462,30.911,30.026,24.325,32.945,25.362,19.943
97.048,53.538,32.259,30.462,30.926,30.074,24.32,32.944,25.36,19.934
96.881,53.473,32.277,30.462,30.935,30.105,24.283,32.93,25.339,19.83
97.09,53.555,32.29,30.462,30.942,30.13,24.361,32.958,25.377,20.019
97.27,53.623,32.307,30.462,30.951,30.16,24.427,32.981,25.409,20.189
97.232,53.609,32.323,30.462,30.958,30.188,24.429,32.982,25.41,20.194
97.335,53.647,32.333,30.462,30.963,30.206,24.472,32.996,25.429,20.304
97.189,53.592,32.339,30.462,30.966,30.216,24.438,32.985,25.414,20.218
97.451,53.69,32.339,30.462,30.966,30.217,24.522,33.013,25.451,20.436
97.356,53.655,32.351,30.462,30.971,30.239,24.504,33.007,25.443,20.389
97.274,53.625,32.362,30.462,30.976,30.258,24.488,33.002,25.436,20.347
97.308,53.637,32.369,30.462,30.979,30.272,24.499,33.005,25.441,20.376
97.265,53.622,32.373,30.462,30.981,30.279,24.488,33.002,25.437,20.348
97.263,53.621,32.374,30.462,30.981,30.281,24.49,33.003,25.438,20.354
97.153,53.579,32.368,30.462,30.979,30.27,24.457,32.992,25.423,20.268
97.167,53.584,32.372,30.462,30.98,30.276,24.467,32.995,25.427,20.295
97.164,53.583,32.382,30.462,30.984,30.294,24.476,32.998,25.431,20.316
97.33,53.644,32.393,30.462,30.989,30.314,24.555,33.023,25.466,20.41
97.499,53.707,32.187,30.462,30.883,29.946,24.458,32.991,25.424,20.158
97.473,53.697,32.054,30.462,30.793,29.715,24.353,32.955,25.375,19.891
97.569,53.732,32.192,30.462,30.887,29.955,24.479,32.998,25.434,20.213
97.504,53.709,32.196,30.462,30.889,29.962,24.463,32.993,25.427,20.174
97.573,53.734,32.335,30.462,30.964,30.21,24.587,33.033,25.479,20.496
97.578,53.736,32.506,30.462,31.026,30.521,24.713,33.07,25.525,20.825
97.541,53.722,32.51,30.462,31.027,30.529,24.708,33.069,25.524,20.811
97.659,53.765,32.516,30.462,31.028,30.539,24.748,33.08,25.537,20.918
97.753,53.798,32.519,30.462,31.029,30.545,24.777,33.088,25.547,20.997
97.594,53.741,32.523,30.462,31.03,30.551,24.732,33.076,25.532,20.875
97.794,53.814,32.526,30.462,31.031,30.557,24.795,33.093,25.553,21.047
97.79,53.814,32.528,30.462,31.031,30.562,24.8,33.094,25.554,21.059
97.798,53.814,32.532,30.462,31.032,30.569,24.805,33.096,25.556,21.072
97.779,53.814,32.535,30.462,31.033,30.574,24.806,33.096,25.556,21.077
97.53,53.741,32.537,30.462,31.033,30.578,24.745,33.08,25.537,20.918
97.408,53.72,32.519,30.462,31.029,30.544,24.715,33.071,25.527,20.839
97.371,53.73,32.521,30.462,31.03,30.548,24.726,33.074,25.531,20.869
97.47,53.788,32.523,30.462,31.03,30.552,24.776,33.088,25.548,21.005
97.319,53.757,32.525,30.462,31.03,30.555,24.752,33.082,25.54,20.94
97.265,53.76,32.526,30.462,31.031,30.557,24.756,33.083,25.541,20.952
97.16,53.746,32.527,30.462,31.031,30.56,24.745,33.08,25.537,20.92
97,53.711,32.529,30.462,31.031,30.563,24.716,33.072,25.527,20.836
97.119,53.777,32.531,30.462,31.032,30.566,24.768,33.086,25.544,20.977
96.863,53.708,32.53,30.462,31.032,30.566,24.712,33.07,25.526,20.826
96.879,53.737,32.531,30.462,31.032,30.567,24.738,33.078,25.534,20.895
96.781,53.725,32.533,30.462,31.032,30.571,24.731,33.076,25.532,20.876
96.76,53.741,32.536,30.462,31.033,30.575,24.745,33.08,25.537,20.916
96.786,53.773,32.537,30.462,31.033,30.577,24.774,33.088,25.547,20.997
96.509,53.697,32.538,30.462,31.033,30.579,24.713,33.071,25.526,20.833
95.508,53.427,32.538,30.462,31.033,30.58,24.5,33.006,25.445,20.278
96.51,53.816,32.538,30.462,31.033,30.58,24.774,33.088,25.546,20.908
96.478,53.816,32.475,30.462,31.017,30.464,24.727,33.075,25.531,20.782
96.459,53.816,32.474,30.462,31.017,30.461,24.728,33.075,25.531,20.784
96.471,53.816,32.494,30.462,31.023,30.499,24.743,33.079,25.536,20.821
96.496,53.816,32.55,30.462,31.036,30.601,24.782,33.09,25.549,20.927
96.472,53.816,32.539,30.462,31.034,30.582,24.771,33.087,25.545,20.897
96.463,53.816,32.537,30.462,31.033,30.578,24.767,33.086,25.544,20.886
96.466,53.816,32.491,30.462,31.022,30.493,24.734,33.077,25.533,20.796
96.467,53.816,32.454,30.462,31.011,30.425,24.708,33.069,25.523,20.723
96.446,53.816,32.488,30.462,31.021,30.487,24.735,33.077,25.532,20.795
96.41,53.816,32.513,30.462,31.028,30.534,24.755,33.082,25.539,20.846
96.391,53.816,32.528,30.462,31.031,30.561,24.765,33.085,25.541,20.865
96.349,53.816,32.536,30.462,31.033,30.576,24.77,33.086,25.543,20.876
96.298,53.816,32.539,30.462,31.033,30.581,24.771,33.086,25.543,20.88
96.248,53.816,32.539,30.462,31.033,30.581,24.769,33.086,25.543,20.878
96.205,53.816,32.54,30.462,31.034,30.583,24.77,33.086,25.543,20.88
96.157,53.816,32.542,30.462,31.034,30.588,24.771,33.087,25.543,20.882
96.134,53.816,32.545,30.462,31.035,30.592,24.769,33.086,25.543,20.876
96.134,53.816,32.543,30.462,31.034,30.589,24.765,33.085,25.541,20.866
96.142,53.816,32.528,30.462,31.031,30.562,24.757,33.083,25.539,20.844
96.193,53.816,32.52,30.462,31.029,30.546,24.752,33.082,25.537,20.83
96.246,53.816,32.521,30.462,31.03,30.549,24.751,33.081,25.536,20.826
96.367,53.816,32.522,30.462,31.03,30.551,24.749,33.081,25.536,20.823
96.105,53.659,32.505,30.462,31.025,30.518,24.605,33.039,25.484,20.441
95.691,53.501,32.51,30.462,31.027,30.528,24.484,33,25.433,20.13
95.753,53.525,32.523,30.462,31.03,30.551,24.514,33.01,25.443,20.184
95.852,53.564,32.528,30.462,31.031,30.562,24.549,33.021,25.457,20.271
95.85,53.563,32.532,30.462,31.032,30.568,24.552,33.022,25.459,20.28
95.74,53.52,32.536,30.462,31.033,30.575,24.523,33.013,25.449,20.22
95.71,53.509,32.539,30.462,31.034,30.582,24.517,33.011,25.449,20.222
95.623,53.477,32.54,30.462,31.034,30.583,24.484,33,25.434,20.071
95.32,53.355,32.576,30.462,31.04,30.65,24.419,32.979,25.405,19.906
95.268,53.334,32.579,30.462,31.041,30.656,24.407,32.974,25.401,19.884
95.389,53.383,32.581,30.462,31.041,30.659,24.443,32.987,25.419,19.982
95.437,53.403,32.583,30.462,31.042,30.664,24.462,32.993,25.427,20.029
95.267,53.333,32.583,30.462,31.041,30.663,24.41,32.975,25.403,19.897
95.336,53.362,32.574,30.462,31.04,30.647,24.42,32.979,25.408,19.923
95.384,53.381,32.573,30.462,31.04,30.644,24.433,32.983,25.414,19.958
95.428,53.399,32.571,30.462,31.04,30.641,24.445,32.987,25.42,19.988
95.41,53.392,32.545,30.462,31.035,30.592,24.41,32.975,25.403,19.897
95.408,53.391,32.539,30.462,31.033,30.581,24.394,32.97,25.394,19.847
95.564,53.454,32.551,30.462,31.036,30.603,24.462,32.993,25.424,20.009
95.565,53.454,32.551,30.462,31.036,30.603,24.468,32.995,25.425,20.016
95.568,53.456,32.55,30.462,31.036,30.602,24.472,32.996,25.426,20.026
95.601,53.469,32.557,30.462,31.037,30.616,24.485,33.001,25.432,20.06
95.63,53.48,32.563,30.462,31.038,30.626,24.498,33.005,25.438,20.092
95.643,53.485,32.565,30.462,31.039,30.63,24.503,33.007,25.441,20.11
95.579,53.46,32.557,30.462,31.037,30.614,24.479,32.999,25.431,20.051
95.642,53.485,32.537,30.462,31.033,30.579,24.485,33.001,25.433,20.065
95.521,53.437,32.535,30.462,31.033,30.575,24.445,32.987,25.415,19.961
95.529,53.44,32.528,30.462,31.031,30.561,24.441,32.986,25.413,19.948
95.481,53.421,32.526,30.462,31.031,30.557,24.424,32.98,25.405,19.905
95.497,53.427,32.524,30.462,31.03,30.555,24.428,32.981,25.407,19.907
95.463,53.413,32.523,30.462,31.03,30.552,24.413,32.976,25.4,19.869
95.475,53.418,32.517,30.462,31.029,30.541,24.406,32.974,25.396,19.853
95.439,53.404,32.52,30.462,31.029,30.546,24.401,32.972,25.394,19.843
95.487,53.423,32.527,30.462,31.031,30.559,24.424,32.98,25.405,19.904
95.498,53.427,32.534,30.462,31.032,30.572,24.436,32.984,25.411,19.937
95.564,53.454,32.538,30.462,31.033,30.58,24.463,32.993,25.423,20.003
95.591,53.465,32.538,30.462,31.033,30.579,24.472,32.996,25.427,20.027
95.569,53.456,32.536,30.462,31.033,30.576,24.465,32.994,25.424,20.012
95.64,53.482,32.54,30.462,31.034,30.583,24.504,33.007,25.441,20.05
95.881,53.575,32.481,30.462,31.019,30.475,24.535,33.017,25.453,20.128
95.939,53.597,32.482,30.462,31.019,30.476,24.553,33.022,25.46,20.167
95.881,53.575,32.484,30.462,31.02,30.481,24.538,33.018,25.452,20.118
95.83,53.556,32.487,30.462,31.021,30.486,24.524,33.013,25.446,20.078
95.838,53.559,32.484,30.462,31.02,30.481,24.525,33.014,25.446,20.072
95.866,53.569,32.479,30.462,31.018,30.471,24.53,33.015,25.448,20.083
95.839,53.559,32.476,30.462,31.017,30.465,24.519,33.012,25.443,20.046
95.595,53.464,32.477,30.462,31.018,30.467,24.444,32.987,25.41,19.847
95.548,53.445,32.475,30.462,31.017,30.464,24.429,32.982,25.403,19.817
95.579,53.457,32.466,30.462,31.015,30.447,24.431,32.982,25.404,19.795
95.579,53.457,32.464,30.462,31.014,30.443,24.429,32.982,25.402,19.741
95.635,53.48,32.451,30.462,31.01,30.42,24.437,32.984,25.405,19.801
95.618,53.473,32.455,30.462,31.011,30.427,24.436,32.984,25.407,19.829
95.728,53.516,32.466,30.462,31.015,30.447,24.478,32.998,25.428,19.945
95.669,53.493,32.472,30.462,31.016,30.458,24.464,32.993,25.419,19.824
95.598,53.465,32.468,30.462,31.015,30.451,24.438,32.985,25.406,19.778
95.599,53.465,32.459,30.462,31.013,30.435,24.432,32.983,25.403,19.753
95.634,53.479,32.46,30.462,31.013,30.437,24.443,32.986,25.406,19.778
95.651,53.486,32.464,30.462,31.014,30.444,24.45,32.989,25.409,19.803
95.632,53.478,32.467,30.462,31.015,30.45,24.448,32.988,25.409,19.82
95.613,53.471,32.476,30.462,31.018,30.466,24.452,32.989,25.411,19.85
95.706,53.507,32.491,30.462,31.022,30.492,24.492,33.003,25.429,19.949
95.72,53.513,32.486,30.462,31.02,30.483,24.492,33.003,25.427,19.593
95.669,53.493,32.378,30.462,30.983,30.286,24.394,32.97,25.375,19.47
95.65,53.485,32.33,30.462,30.962,30.2,24.347,32.952,25.353,19.458
95.532,53.439,32.367,30.462,30.978,30.267,24.334,32.947,25.348,19.461
95.651,53.486,32.394,30.462,30.989,30.315,24.392,32.968,25.378,19.632
95.581,53.458,32.412,30.462,30.996,30.348,24.386,32.966,25.376,19.638
95.608,53.469,32.421,30.462,31,30.365,24.402,32.972,25.384,19.688
95.612,53.476,32.42,30.462,30.999,30.364,24.357,32.957,25.362,19.449
95.293,53.351,32.435,30.462,31.005,30.391,24.278,32.927,25.32,19.266
95.364,53.384,32.445,30.462,31.008,30.408,24.313,32.941,25.336,19.337
95.166,53.306,32.452,30.462,31.01,30.421,24.263,32.922,25.309,19.229
95.199,53.324,32.459,30.462,31.013,30.435,24.288,32.932,25.323,19.264
95.073,53.275,32.465,30.462,31.014,30.446,24.256,32.92,25.305,19.098
95.101,53.291,32.454,30.462,31.011,30.425,24.245,32.916,25.3,18.933
94.726,53.133,32.416,30.462,30.998,30.356,24.079,32.85,25.204,18.568
94.839,53.186,32.32,30.462,30.957,30.183,24.055,32.839,25.189,18.593
94.98,53.252,32.338,30.462,30.966,30.216,24.127,32.869,25.236,18.815
95.116,53.313,32.349,30.462,30.97,30.235,24.185,32.892,25.272,18.949
95.011,53.272,32.36,30.462,30.975,30.255,24.168,32.885,25.265,18.966
95.077,53.304,32.377,30.462,30.982,30.285,24.21,32.902,25.287,19.08
95.173,53.348,32.397,30.462,30.991,30.321,24.261,32.921,25.31,19.186
95.193,53.36,32.399,30.462,30.991,30.325,24.271,32.925,25.313,19.187
95.239,53.383,32.382,30.462,30.985,30.295,24.274,32.927,25.313,19.171
95.111,53.334,32.375,30.462,30.982,30.281,24.234,32.911,25.291,19.097
95.095,53.331,32.383,30.462,30.985,30.296,24.24,32.914,25.299,19.167
94.992,53.292,32.397,30.462,30.991,30.322,24.226,32.908,25.296,19.163
95.081,53.333,32.409,30.462,30.995,30.344,24.268,32.924,25.317,19.251
94.902,53.262,32.414,30.462,30.997,30.353,24.221,32.907,25.29,19.138
94.984,53.301,32.418,30.462,30.998,30.359,24.256,32.92,25.313,19.25
94.932,53.283,32.41,30.462,30.995,30.344,24.239,32.913,25.308,19.236
94.935,53.288,32.408,30.462,30.995,30.342,24.242,32.914,25.31,19.244
95.007,53.322,32.405,30.462,30.994,30.336,24.266,32.924,25.324,19.315
94.959,53.306,32.396,30.462,30.99,30.319,24.248,32.917,25.318,19.292
94.935,53.3,32.396,30.462,30.99,30.32,24.244,32.915,25.317,19.29
94.865,53.274,32.403,30.462,30.993,30.333,24.229,32.91,25.31,19.248
94.862,53.277,32.403,30.462,30.993,30.333,24.23,32.91,25.31,19.237
94.686,53.206,32.396,30.462,30.99,30.32,24.174,32.888,25.278,18.938
94.658,53.198,32.39,30.462,30.988,30.309,24.151,32.879,25.264,18.673
94.808,53.239,31.868,30.462,30.641,29.398,23.775,32.659,24.735,16.369
93.858,52.804,31.826,30.462,30.603,29.328,23.413,32.449,24.399,15.375
93.511,52.631,31.912,30.462,30.679,29.472,23.368,32.437,24.384,15.813
93.446,52.596,32.044,30.462,30.785,29.697,23.452,32.502,24.549,16.461
93.512,52.627,32.14,30.462,30.854,29.864,23.552,32.572,24.694,16.934
93.937,52.837,32.205,30.462,30.895,29.979,23.748,32.681,24.888,17.498
94.118,52.924,32.244,30.462,30.917,30.046,23.845,32.732,24.972,17.684
94.291,53.003,32.263,30.462,30.928,30.08,23.917,32.768,25.029,17.903
94.399,53.051,32.275,30.462,30.934,30.102,23.958,32.788,25.065,18.069
94.439,53.069,32.282,30.462,30.938,30.114,23.973,32.796,25.081,18.103
94.404,53.052,32.265,30.462,30.929,30.085,23.947,32.785,25.067,18.088
94.566,53.124,32.288,30.462,30.941,30.126,24.01,32.812,25.112,18.294
94.49,53.091,32.328,30.462,30.961,30.197,24.025,32.819,25.126,18.389
94.615,53.147,32.352,30.462,30.972,30.24,24.092,32.849,25.175,18.589
94.77,53.215,32.354,30.462,30.973,30.244,24.148,32.873,25.213,18.756
94.789,53.225,32.349,30.462,30.97,30.234,24.155,32.876,25.219,18.801
94.702,53.187,32.339,30.462,30.966,30.216,24.12,32.862,25.199,18.702
94.484,53.09,32.305,30.462,30.95,30.155,24.026,32.822,25.14,18.429
93.758,52.749,32.28,30.462,30.937,30.11,23.776,32.709,24.964,17.888
93.862,52.798,32.3,30.462,30.947,30.146,23.821,32.73,24.999,17.986
93.862,52.797,32.307,30.462,30.951,30.16,23.825,32.732,25.002,18
93.82,52.775,32.313,30.462,30.954,30.17,23.816,32.729,24.994,17.991
93.897,52.812,32.327,30.462,30.96,30.195,23.851,32.746,25.027,18.105
93.993,52.858,32.334,30.462,30.963,30.207,23.888,32.763,25.059,18.224
93.996,52.865,32.338,30.462,30.965,30.215,23.897,32.768,25.069,18.269
94.064,52.901,32.338,30.462,30.966,30.215,23.925,32.78,25.088,18.345
94.105,52.92,32.346,30.462,30.969,30.229,23.947,32.79,25.101,18.409
93.971,52.856,32.35,30.462,30.971,30.236,23.906,32.772,25.074,18.319
94.061,52.898,32.351,30.462,30.971,30.238,23.935,32.784,25.093,18.389
93.932,52.835,32.349,30.462,30.971,30.236,23.888,32.763,25.059,18.194
93.883,52.809,32.24,30.462,30.915,30.04,23.754,32.695,24.931,17.314
93.866,52.799,32.146,30.462,30.857,29.874,23.665,32.642,24.775,16.849
94.014,52.869,32.197,30.462,30.89,29.965,23.756,32.678,24.867,17.334
94.039,52.878,32.251,30.462,30.921,30.059,23.809,32.709,24.938,17.64
94.034,52.874,32.313,30.462,30.954,30.17,23.857,32.738,24.997,17.882
94.114,52.912,32.341,30.462,30.967,30.22,23.908,32.765,25.048,18.093
94.131,52.923,32.362,30.462,30.976,30.259,23.936,32.78,25.079,18.223
94.27,52.989,32.376,30.462,30.982,30.284,23.995,32.807,25.124,18.406
94.195,52.954,32.382,30.462,30.984,30.294,23.978,32.8,25.115,18.4
94.291,52.998,32.384,30.462,30.985,30.298,24.009,32.815,25.137,18.495
94.284,52.994,32.384,30.462,30.986,30.299,24.008,32.815,25.14,18.521
94.15,52.931,32.385,30.462,30.986,30.3,23.968,32.798,25.114,18.443
94.108,52.911,32.385,30.462,30.986,30.3,23.955,32.792,25.106,18.412
94.026,52.871,32.38,30.462,30.984,30.291,23.925,32.779,25.086,18.353
94.007,52.861,32.374,30.462,30.981,30.281,23.915,32.775,25.08,18.306
94.12,52.913,32.32,30.462,30.957,30.183,23.904,32.77,25.069,18.228
93.972,52.843,32.316,30.462,30.955,30.176,23.838,32.739,25.023,18.087
93.98,52.846,32.316,30.462,30.955,30.175,23.825,32.732,25.014,18.046
93.898,52.806,32.313,30.462,30.954,30.171,23.796,32.718,24.993,17.969
93.927,52.819,32.299,30.462,30.947,30.145,23.792,32.716,24.99,17.86
93.808,52.761,32.256,30.462,30.924,30.068,23.726,32.684,24.937,17.721
93.75,52.733,32.265,30.462,30.929,30.084,23.718,32.68,24.932,17.754
93.748,52.732,32.284,30.462,30.939,30.118,23.736,32.689,24.949,17.838
93.863,52.788,32.301,30.462,30.948,30.148,23.789,32.716,24.994,17.995
93.898,52.805,32.312,30.462,30.953,30.169,23.812,32.727,25.013,18.075
93.982,52.845,32.319,30.462,30.957,30.181,23.845,32.743,25.039,18.164
93.915,52.813,32.321,30.462,30.958,30.185,23.825,32.734,25.025,18.125
93.991,52.849,32.318,30.462,30.956,30.179,23.845,32.744,25.041,18.177
94.097,52.9,32.379,30.462,30.983,30.29,23.922,32.779,25.098,18.373
93.747,52.788,32.391,30.462,30.988,30.31,23.857,32.75,25.054,18.221
94.588,53.209,32.498,30.462,31.024,30.505,24.222,32.904,25.285,19.017
94.696,53.289,32.498,30.462,31.024,30.506,24.283,32.927,25.317,19.195
94.571,53.27,32.501,30.462,31.025,30.511,24.274,32.923,25.311,19.192
94.462,53.258,32.509,30.462,31.026,30.525,24.273,32.923,25.31,19.205
94.381,53.257,32.514,30.462,31.028,30.535,24.278,32.925,25.314,19.217
94.252,53.237,32.503,30.462,31.025,30.514,24.255,32.916,25.302,19.108
94.127,53.217,32.489,30.462,31.021,30.49,24.23,32.906,25.288,19.066
94.026,53.207,32.494,30.462,31.023,30.499,24.227,32.905,25.286,18.991
93.918,53.195,32.452,30.462,31.01,30.421,24.181,32.886,25.257,18.769
93.758,53.16,32.416,30.462,30.998,30.356,24.126,32.861,25.216,18.661
93.691,53.166,32.402,30.462,30.992,30.33,24.124,32.859,25.21,18.679
93.683,53.197,32.424,30.462,31.001,30.37,24.166,32.876,25.238,18.825
93.679,53.23,32.45,30.462,31.009,30.417,24.213,32.896,25.268,18.976
93.622,53.241,32.466,30.462,31.015,30.446,24.234,32.905,25.283,19.031
93.479,53.215,32.462,30.462,31.013,30.44,24.211,32.897,25.271,18.844
93.288,53.167,32.415,30.462,30.997,30.354,24.137,32.867,25.222,18.634
93.133,53.135,32.382,30.462,30.984,30.294,24.083,32.843,25.184,18.517
92.823,53.032,32.342,30.462,30.967,30.222,23.936,32.778,25.085,18.051
92.152,52.754,32.265,30.462,30.929,30.084,23.626,32.628,24.845,17.275
91.351,52.382,32.138,30.462,30.852,29.86,23.29,32.44,24.539,16.656
90.951,52.201,32.154,30.462,30.862,29.888,23.205,32.388,24.453,16.553
90.15,51.896,32.189,30.462,30.885,29.95,23.079,32.311,24.327,16.356
89.811,51.915,32.206,30.462,30.895,29.98,23.119,32.339,24.374,16.463
90.526,52.518,32.255,30.462,30.923,30.067,23.517,32.571,24.759,17.284
90.086,52.486,32.245,30.462,30.918,30.049,23.485,32.555,24.732,17.189
89.78,52.524,32.14,30.462,30.853,29.863,23.425,32.521,24.676,17.048
89.24,52.44,32.131,30.462,30.847,29.847,23.361,32.484,24.614,16.937
88.784,52.404,32.168,30.462,30.872,29.913,23.365,32.487,24.618,16.981
88.499,52.461,32.229,30.462,30.909,30.02,23.45,32.537,24.7,17.18
88.222,52.522,32.252,30.462,30.922,30.062,23.511,32.571,24.756,17.331
88.246,52.692,32.266,30.462,30.93,30.086,23.636,32.629,24.85,17.668
88.414,52.938,32.329,30.462,30.961,30.199,23.85,32.735,25.02,18.162
88.122,52.963,32.357,30.462,30.974,30.249,23.895,32.757,25.057,18.284
87.907,53.025,32.364,30.462,30.977,30.261,23.947,32.782,25.099,18.426
87.429,52.967,32.386,30.462,30.986,30.302,23.926,32.773,25.088,18.4
87.198,53.024,32.41,30.462,30.996,30.345,23.982,32.798,25.128,18.541
87.016,53.102,32.415,30.462,30.997,30.355,24.039,32.824,25.168,18.685
86.563,53.059,32.415,30.462,30.998,30.355,24.01,32.811,25.151,18.621
86.26,53.085,32.401,30.462,30.992,30.329,24.014,32.813,25.154,18.632
85.897,53.084,32.394,30.462,30.989,30.316,24.006,32.81,25.146,18.607
85.559,53.096,32.407,30.462,30.994,30.34,24.024,32.818,25.159,18.659
85.175,53.089,32.421,30.462,31,30.365,24.032,32.821,25.164,18.685
84.875,53.119,32.424,30.462,31.001,30.371,24.058,32.833,25.182,18.743
84.341,53.046,32.4,30.462,30.992,30.328,23.988,32.803,25.137,18.544
83.996,53.059,32.37,30.462,30.979,30.272,23.973,32.796,25.126,18.493
84.261,53.276,32.331,30.462,30.962,30.203,24.098,32.848,25.205,18.775
83.659,53.115,32.327,30.462,30.96,30.195,23.974,32.793,25.123,18.472
83.39,53.094,32.265,30.462,30.929,30.085,23.906,32.761,25.074,18.312
82.896,52.973,32.165,30.462,30.87,29.907,23.743,32.682,24.952,17.916
82.453,52.873,31.982,30.462,30.737,29.591,23.508,32.552,24.747,17.222
81.495,52.512,31.876,30.462,30.648,29.412,23.179,32.345,24.405,16.555
80.848,52.286,31.907,30.462,30.675,29.463,23.052,32.263,24.269,16.352
80.609,52.281,31.946,30.462,30.708,29.53,23.08,32.286,24.298,16.393
80.538,52.366,31.936,30.462,30.699,29.512,23.128,32.312,24.335,16.481
80.273,52.35,32.013,30.462,30.762,29.644,23.173,32.341,24.382,16.591
80.183,52.426,32.081,30.462,30.812,29.761,23.261,32.402,24.483,16.793
79.976,52.438,32.009,30.462,30.758,29.637,23.194,32.366,24.422,16.662
79.153,52.103,31.899,30.462,30.668,29.45,22.905,32.179,24.107,16.119
77.404,51.152,31.938,30.462,30.701,29.516,22.429,31.829,23.505,15.287
77.797,51.569,31.981,30.462,30.737,29.59,22.684,32.028,23.848,15.742
81.179,53.072,32.069,30.462,30.804,29.74,23.654,32.642,24.886,18.031
83.624,53.736,32.138,30.462,30.852,29.86,24.218,32.896,25.279,19.362
84.356,53.714,32.178,30.462,30.878,29.931,24.246,32.908,25.298,19.445
85.378,53.801,32.176,30.462,30.877,29.927,24.322,32.937,25.343,19.654
86.143,53.804,32.155,30.462,30.863,29.891,24.308,32.933,25.338,19.627
86.87,53.804,32.027,30.462,30.772,29.668,24.204,32.893,25.281,19.371
87.658,53.804,32.016,30.462,30.764,29.649,24.182,32.885,25.27,19.322
88.297,53.767,32.077,30.462,30.81,29.755,24.185,32.886,25.272,19.333
88.704,53.651,32.062,30.462,30.799,29.728,24.064,32.837,25.202,19.049
89.407,53.644,32,30.462,30.751,29.622,23.98,32.801,25.15,18.855
89.871,53.55,31.88,30.462,30.652,29.419,23.779,32.709,25.011,18.393
90.16,53.388,31.774,30.462,30.554,29.241,23.523,32.579,24.805,17.815
90.251,53.133,31.674,30.462,30.456,29.077,23.19,32.389,24.496,17.105
89.799,52.595,31.53,30.462,30.306,28.845,22.656,32.031,23.898,16.058
89.943,52.316,31.439,30.462,30.206,28.701,22.37,31.811,23.521,15.539
89.762,51.833,31.346,30.462,30.101,28.557,22.012,31.505,22.991,14.934
89.822,51.464,31.282,30.462,30.027,28.458,21.77,31.277,22.593,14.553
90.367,51.404,31.221,30.462,29.956,28.366,21.742,31.249,22.547,14.512
89.734,50.822,31.374,30.462,30.133,28.601,21.62,31.128,22.334,14.331
90.769,51.398,31.505,30.462,30.279,28.806,22.023,31.519,23.021,14.966
91.65,51.826,31.531,30.462,30.307,28.846,22.316,31.773,23.46,15.463
92.529,52.221,31.365,30.462,30.123,28.587,22.464,31.891,23.664,15.725
93.168,52.461,31.488,30.462,30.261,28.779,22.714,32.08,23.985,16.19
93.539,52.552,31.521,30.462,30.296,28.83,22.807,32.146,24.097,16.371
93.332,52.337,31.539,30.462,30.316,28.86,22.7,32.07,23.969,16.166
93.233,52.174,31.609,30.462,30.39,28.972,22.645,32.03,23.904,16.067
93.021,51.937,31.689,30.462,30.472,29.102,22.557,31.965,23.795,15.907
93.217,51.936,31.718,30.462,30.5,29.149,22.559,31.967,23.798,15.911
93.484,51.976,31.674,30.462,30.456,29.077,22.517,31.935,23.742,15.833
93.527,51.886,31.593,30.462,30.373,28.947,22.369,31.819,23.54,15.564
93.045,51.465,31.497,30.462,30.27,28.792,22.03,31.53,23.039,14.984
92.394,50.764,31.337,30.462,30.091,28.543,21.56,31.094,22.274,14.315
93.153,50.757,31.268,30.462,30.011,28.437,21.547,31.081,22.245,14.292
93.961,50.76,31.423,30.462,30.188,28.676,21.674,31.211,22.477,14.485
94.529,50.768,31.454,30.462,30.223,28.725,21.707,31.244,22.537,14.537
92.568,49.216,31.447,30.462,30.215,28.714,21.098,30.575,21.348,13.667
92.786,49.373,31.477,30.462,30.249,28.762,21.201,30.697,21.568,13.805
93.157,49.738,31.555,30.462,30.332,28.884,21.41,30.934,21.992,14.097
93.655,50.117,31.603,30.462,30.383,28.962,21.613,31.15,22.375,14.398
93.944,50.383,31.61,30.462,30.391,28.974,21.748,31.285,22.615,14.607
94.146,50.508,31.6,30.462,30.38,28.957,21.797,31.332,22.7,14.686
94.206,50.588,31.56,30.462,30.339,28.894,21.794,31.329,22.696,14.681
94.049,50.434,31.502,30.462,30.276,28.801,21.662,31.2,22.47,14.479
93.85,50.307,31.562,30.462,30.34,28.897,21.651,31.189,22.454,14.465
94.006,50.392,31.629,30.462,30.41,29.004,21.732,31.269,22.598,14.591
93.744,50.225,31.659,30.462,30.441,29.053,21.681,31.219,22.512,14.515
93.94,50.346,31.667,30.462,30.449,29.066,21.735,31.272,22.606,14.599
93.896,50.348,31.724,30.462,30.506,29.158,21.771,31.308,22.665,14.653
94.211,50.558,31.732,30.462,30.514,29.172,21.866,31.398,22.825,14.804
93.922,50.372,31.783,30.462,30.562,29.255,21.875,31.407,22.84,14.819
94.401,50.799,31.855,30.462,30.629,29.375,22.158,31.662,23.281,15.29
94.088,50.805,31.944,30.462,30.706,29.527,22.258,31.746,23.427,15.463
93.748,50.808,32.001,30.462,30.752,29.623,22.321,31.798,23.517,15.576
93.23,50.808,32.049,30.462,30.789,29.706,22.372,31.839,23.589,15.668
92.707,50.809,32.089,30.462,30.818,29.775,22.414,31.872,23.644,15.741
92.18,50.81,32.125,30.462,30.843,29.837,22.44,31.893,23.68,15.79
93.576,51.799,32.156,30.462,30.864,29.892,22.96,32.265,24.305,16.78
94.101,52.109,32.159,30.462,30.866,29.897,23.14,32.379,24.492,17.146
94.13,52.127,32.177,30.462,30.878,29.929,23.165,32.394,24.517,17.197
94.507,52.338,32.19,30.462,30.886,29.952,23.289,32.467,24.636,17.459
94.393,52.277,32.179,30.462,30.878,29.932,23.24,32.439,24.592,17.359
94.459,52.28,32.148,30.462,30.858,29.877,23.226,32.486,24.67,17.157
94.809,52.469,28.806,30.462,27.256,25.455,21.085,30.66,21.529,13.578
95.187,52.666,32.282,30.462,30.938,30.115,23.566,32.668,24.953,17.89
95.529,52.835,32.312,30.462,30.953,30.169,23.698,32.732,25.049,18.178
95.695,52.915,32.325,30.462,30.959,30.192,23.744,32.753,25.084,18.274
95.522,52.833,32.331,30.462,30.962,30.202,23.686,32.726,25.045,18.14
95.243,52.695,32.339,30.462,30.966,30.216,23.611,32.69,24.991,17.989
95.712,52.923,32.355,30.462,30.973,30.245,23.773,32.766,25.106,18.357
95.636,52.89,32.364,30.462,30.977,30.261,23.724,32.744,25.072,18.199
94.964,52.555,32.301,30.462,30.947,30.148,23.483,32.626,24.89,17.667
95.22,52.684,32.314,30.462,30.954,30.173,23.602,32.686,24.983,17.96
95.569,52.857,32.362,30.462,30.976,30.257,23.773,32.766,25.106,18.366
95.539,52.845,32.387,30.462,30.986,30.303,23.795,32.776,25.121,18.428
95.636,52.894,32.405,30.462,30.994,30.336,23.841,32.797,25.152,18.538
95.647,52.901,32.423,30.462,31,30.369,23.86,32.805,25.164,18.586
95.72,52.937,32.429,30.462,31.002,30.379,23.894,32.82,25.187,18.669
95.978,53.056,32.429,30.462,31.002,30.379,23.986,32.858,25.243,18.89
95.987,53.062,32.425,30.462,31.001,30.372,23.993,32.861,25.247,18.911
96.122,53.123,32.408,30.462,30.995,30.341,24.028,32.875,25.268,18.998
96.03,53.083,32.406,30.462,30.994,30.338,23.997,32.863,25.25,18.928
96.168,53.146,32.425,30.462,31.001,30.373,24.052,32.885,25.281,19.054
96.116,53.123,32.441,30.462,31.007,30.401,24.051,32.884,25.281,19.052
95.983,53.063,32.452,30.462,31.01,30.421,24.029,32.876,25.269,19.015
96.342,53.222,32.462,30.462,31.014,30.441,24.161,32.927,25.341,19.342
96.219,53.17,32.471,30.462,31.016,30.456,24.139,32.918,25.329,19.292
96.488,53.287,32.476,30.462,31.018,30.466,24.232,32.953,25.377,19.526
96.482,53.285,32.482,30.462,31.019,30.477,24.24,32.955,25.381,19.549
96.525,53.304,32.487,30.462,31.021,30.485,24.257,32.961,25.39,19.597
96.391,53.247,32.579,30.462,31.041,30.655,24.281,32.97,25.401,19.648
96.037,53.093,32.579,30.462,31.041,30.655,24.172,32.931,25.347,19.377
96.492,53.29,32.579,30.462,31.041,30.656,24.314,32.981,25.416,19.734
96.422,53.24,32.589,30.462,31.042,30.674,24.292,32.962,25.391,19.563
97.02,53.486,32.611,30.462,31.045,30.716,24.496,33.03,25.48,20.074
97,53.479,32.616,30.462,31.046,30.725,24.496,33.03,25.48,20.072
97.036,53.494,32.621,30.462,31.046,30.733,24.511,33.035,25.486,20.102
96.976,53.472,32.534,30.462,31.032,30.572,24.431,33.009,25.453,19.894
97.174,53.55,32.536,30.462,31.033,30.577,24.493,33.029,25.479,20.044
97.086,53.517,32.538,30.462,31.033,30.58,24.469,33.021,25.469,19.985
96.993,53.48,32.543,30.462,31.034,30.589,24.451,33.016,25.462,19.963
97.226,53.57,32.547,30.462,31.035,30.596,24.531,33.041,25.494,20.186
97.132,53.535,32.551,30.462,31.036,30.604,24.511,33.035,25.487,20.147
97.274,53.591,32.553,30.462,31.036,30.607,24.559,33.049,25.506,20.276
97.167,53.55,32.55,30.462,31.036,30.601,24.526,33.039,25.494,20.196
97.39,53.636,32.548,30.462,31.035,30.598,24.593,33.059,25.518,20.362
97.28,53.595,32.55,30.462,31.036,30.601,24.56,33.05,25.506,20.277
97.405,53.642,32.553,30.462,31.036,30.607,24.602,33.062,25.521,20.369
97.009,53.516,32.552,30.462,31.036,30.605,24.506,33.033,25.485,20.126
96.941,53.514,32.559,30.462,31.037,30.618,24.514,33.035,25.488,20.159
96.972,53.551,32.56,30.462,31.038,30.621,24.545,33.045,25.501,20.249
96.871,53.537,32.561,30.462,31.038,30.623,24.537,33.042,25.497,20.229
96.825,53.544,32.562,30.462,31.038,30.625,24.544,33.045,25.5,20.25
96.715,53.527,32.565,30.462,31.038,30.629,24.533,33.041,25.495,20.207
96.667,53.533,32.566,30.462,31.039,30.632,24.54,33.043,25.498,20.229
96.677,53.561,32.569,30.462,31.039,30.637,24.564,33.051,25.507,20.292
96.562,53.542,32.569,30.462,31.039,30.637,24.551,33.047,25.502,20.232
96.452,53.524,32.561,30.462,31.038,30.623,24.532,33.041,25.495,20.194
96.451,53.548,32.562,30.462,31.038,30.625,24.551,33.047,25.502,20.249
96.276,53.505,32.563,30.462,31.038,30.625,24.514,33.036,25.488,20.154
96.331,53.552,32.563,30.462,31.038,30.627,24.553,33.047,25.502,20.263
96.242,53.542,32.569,30.462,31.039,30.638,24.551,33.047,25.502,20.26
96.105,53.514,32.575,30.462,31.04,30.648,24.534,33.042,25.495,20.221
95.199,53.267,32.665,30.462,31.049,30.817,24.415,33.004,25.447,19.918
