51132,301.84,6876.1,7769.6,7351,7194.1,6978.6,16860,27085,21761,17653,28085,2031.8
45863,317.08,6862.1,6404.5,6039.7,5922,5769.5,14928,24064,19509,16145,28197,2031.8
47484,529.74,6849.9,7628.5,7215,7062.6,6853.9,16271,26746,21678,18340,28277,2031.9
48430,1039.5,6841,8274.5,7838.2,7664.8,7424,18502,30810,25171,21159,28355,2031.3
56251,1039.5,6832.8,9100.8,8638.3,8435.2,8151,20599,36279,28997,22310,28393,2491.4
56827,1039.5,6826.6,9228.8,8762.5,8554.5,8263.4,20581,36491,28966,22402,28478,2540.3
59368,1039.5,6818.6,9226.6,8760.4,8552.5,8261.5,20532,37313,29486,22366,28403,2775.1
64816,1039.5,6811.9,9004.8,8545.1,8345.7,8066.7,20500,37807,29797,22342,28357,2216.6
65561,1039.5,6802.8,8769.9,8317.5,8126.7,7860.2,20548,36693,28960,22560,28283,2987.7
65829,1039.5,6795,8495.2,8051.6,7870.6,7618.4,20582,35901,28376,22336,28221,2849.9
62913,1039.5,6785,8251.7,7816.1,7643.5,7403.9,20640,34634,27442,21751,28177,2895.2
57850,1039.5,6775.1,8171.1,7738.3,7568.4,7332.9,20033,32574,25932,20744,28088,2550.6
55473,1039.5,6763.2,7941,7516.3,7353.9,7129.9,19189,31115,24852,20005,28062,2476.6
54362,1039.5,6749.9,7833.4,7412.4,7253.5,7034.8,18680,30215,24162,19493,28065,2032.4
51301,1039.5,6734,7644.1,7230.1,7077.1,6867.7,17714,28559,22914,18596,28020,2032.2
50126,1035.1,6719.2,7621.3,7208.1,7055.9,6847.6,17297,27797,22339,18207,28011,2032.1
48520,973.35,6707.1,7520.3,7110.8,6961.7,6758.3,16768,26857,21579,17666,28025,2031.8
47311,921.52,6690.7,7484.8,7076.7,6928.6,6726.9,16371,26132,21017,17257,28032,2031.8
47322,869.69,6674.1,7341.2,6938.5,6794.8,6599.9,16165,25753,20741,17074,28048,2031.5
47990,900.94,6656,7222.6,6824.5,6684.2,6494.9,16176,25746,20701,17031,28035,2031.4
47407,942.1,6642.3,7280.5,6880.1,6738.2,6546.2,16137,25701,20662,17001,28060,2031.2
48360,1014.5,6632.6,7595.5,7183.2,7031.7,6824.7,16595,26483,21244,17466,28128,2031.1
62097,1039.5,6617.6,7441.2,7034.7,6887.9,6688.3,19416,31214,24748,19879,28200,2031.2
62160,1039.5,6608.5,8222,7787.5,7615.9,7377.7,20045,32378,25649,21167,28213,2031.3
63054,1039.5,6622.2,9769.3,9287.9,9058.3,8737.4,20579,36461,28819,22273,28240,2031.9
68067,1039.5,6634.3,10626,10124,9856.6,9486.7,20408,40620,31771,21840,28398,2031.9
71045,1039.5,6635.9,9837.8,9354.6,9122.2,8797.4,20385,40962,31922,21896,28465,2032.4
70560,1039.5,6634.7,9377.4,8906.8,8693.1,8393.9,20440,39342,30742,22169,28543,2514.7
68949,1039.5,6632,9048.9,8587.9,8386.8,8105.4,20497,37931,29713,22407,28684,2752.2
69265,1039.5,6627.8,8764.5,8312.2,8121.6,7855.4,20518,37364,29290,22520,28730,2271
67310,1039.5,6622.3,8540.3,8095.2,7912.6,7658.1,20577,36027,28359,22251,28721,2065.1
65921,1039.5,6616.4,8294.7,7857.7,7683.7,7441.8,20614,35311,27890,21826,22078,2032.4
60769,1039.5,6608.3,8161.1,7728.7,7559.1,7324,20351,33202,26348,20835,22095,2032.4
58856,1039.5,6600.3,8049,7620.4,7454.5,7225.1,19763,32148,25576,20326,22028,2032.8
63458,1039.5,6592.1,6885.5,6500.7,6370.1,6196.3,19890,32282,25667,20354,21999,2032.7
57506,1039.5,6582.5,6812.6,6430.7,6302.1,6131.7,18520,29990,23989,19276,22009,2032.4
54170,1039.5,6572.9,6768.4,6388.3,6260.9,6092.5,17741,28672,23013,18637,21997,2032.1
55158,1015.3,6563.2,6791.9,6410.8,6282.8,6113.3,17900,28925,23198,18742,22011,2032
55268,949.72,6553.5,6848,6464.7,6335.1,6163.1,17917,28953,23217,18745,22036,2031.8
51566,910.85,6542.2,6838.7,6455.8,6326.5,6154.9,17110,27625,22238,18108,22075,2031.6
54345,884.93,6532.4,6845.1,6461.9,6332.4,6160.5,17665,28542,22889,18520,26852,2031.6
57323,936.77,6521.9,6899.3,6513.9,6382.9,6208.6,18302,29587,23644,19013,26825,2031.4
57554,962.68,6509.8,6943.4,6556.3,6424,6247.6,18380,29672,23709,19456,26871,2031.1
57834,923.81,6506.4,7358.3,6954.9,6810.6,6615,18725,30306,24288,20390,26857,2030.7
60223,884.93,6504.1,8122.3,7691.2,7522.9,7289.8,19783,33419,26832,21694,26858,2030.6
61950,833.1,6445.3,7945.4,7520.5,7358,7133.8,19969,34167,27271,21803,26845,2030.3
60456,780.51,6479.3,8494.1,8050.5,7869.5,7617.5,19949,33448,26742,21434,26842,2029.9
58216,754.6,6453.4,7571.5,7160.1,7009.4,6803.5,18890,31500,25286,20406,26846,2029.4
61275,728.68,6452.1,7709,7292.6,7137.6,6925.1,19590,32391,25894,20708,26874,2028.9
57994,702.76,6436.1,7422.7,7016.9,6870.7,6672,18712,30770,24754,19944,26869,2028.4
58124,676.85,6434.3,7330.3,6928,6784.6,6590.2,18673,30572,24600,19840,26945,2028
58884,676.85,6415.1,7126.2,6731.9,6594.4,6409.6,18717,30663,24676,19895,26925,2027.5
60147,702.76,6411.1,7359.6,6956.2,6811.9,6616.1,19130,31373,25194,20156,26926,2027.2
60400,676.85,6398,7171.6,6775.4,6636.7,6449.7,19050,31162,24997,20007,26919,2026.8
60011,663.89,6383.5,7097.7,6704.4,6567.8,6384.3,18918,30865,24745,19890,26939,2026.6
57157,650.93,6376.6,7136.8,6742,6604.3,6419,18344,29898,24015,19402,26959,2026.2
57131,637.98,6362.5,7049.5,6658.2,6522.9,6341.7,18272,29768,23906,19275,26977,2025.7
57198,624.26,6350.7,6893.2,6508.1,6377.3,6203.2,18167,29538,23724,19135,23163,2025.3
53563,611.3,6338.2,7194.8,6797.7,6658.3,6470.3,17566,28500,22920,18597,23175,2024.8
59088,585.38,6325.8,7122.7,6728.5,6591.1,6406.5,18297,29555,23875,19322,26041,2024.1
44373,572.43,6313.3,9920.6,9435.2,9199.3,8869.9,17064,27637,22462,18421,26079,2023.7
46776,572.43,6301.8,9974.7,9487.9,9249.7,8917.2,17579,28710,23293,18927,26078,2023.5
57990,619.68,6288.3,9852,9368.4,9135.4,8809.9,19812,32410,25992,20597,26107,2022.9
60849,633.4,6277,9965.2,9478.7,9240.9,8909,20485,33406,26711,21021,26078,2022.5
59184,647.12,6262.4,9525.4,9050.6,8831,8523.7,19898,32365,25905,20510,26121,2022
57244,674.56,6250.8,9915,9429.7,9194.1,8865,19776,32135,25724,20386,26114,2021.3
56917,702,6239.6,9854.5,9370.9,9137.7,8812.1,19726,32118,25711,20387,26108,2021.1
56908,743.16,6231.1,9999.2,9511.8,9272.5,8938.7,19909,32579,26050,20622,26118,2020.5
56717,826.24,6227.1,10433,9935.4,9677.1,9318.5,20267,33539,26758,21112,26092,2020
58582,949.72,6231.3,11370,10852,10549,10135,20627,35935,28493,22200,26110,2019.8
60382,1018.3,6237,11714,11190,10870,10435,20571,37260,29443,22538,26139,2019.3
65213,1039.5,6246.2,11628,11106,10789,10360,20486,38811,30549,22280,26179,2019.3
66187,1018.3,6259.1,12873,12333,11947,11440,20401,40642,31868,21973,26184,2019
65096,1018.3,6271.9,13746,13198,12757,12195,20367,42121,32979,21741,26187,2018.8
67157,1018.3,6278.9,13201,12658,12251,11724,20354,42443,33321,21673,26203,2018.4
66927,1039.5,6284,12898,12358,11970,11462,20366,41922,33086,21702,26226,2017.9
67055,1032,6288.2,12482,11947,11584,11102,20380,41460,32796,21777,26244,2017.6
65474,1039.5,6290.8,12009,11481,11144,10691,20428,40126,31847,21954,26289,2017.2
65502,1039.5,6298.2,12220,11689,11340,10874,20405,40453,32084,21867,26323,2017
64235,1039.5,6314.4,14163,13613,13144,12555,20290,43428,34209,21333,26343,2016.7
73157,1039.5,6333,14956,14404,13878,12727,20067,44762,37740,20693,26398,2016.3
75648,1039.5,6343.7,14034,13484,13024,12443,20062,44762,37700,20733,26406,2016.3
72623,1039.5,6352.4,13709,13162,12723,12163,20134,44863,36422,21011,26495,2016.1
56306,1039.5,6355.4,13405,12860,12441,11900,20445,40276,31887,21935,26604,2016.1
60552,1039.5,6359.6,13171,12628,12224,11698,20381,41384,32679,21748,26597,2015.8
56870,1039.5,6359.6,12880,12340,11953,11446,20468,39740,31543,22020,26583,2015.6
54562,1039.5,6358,12453,11918,11556,11076,20534,38473,30665,22216,26551,2015.5
50355,1039.5,6355.5,12156,11625,11281,10819,20626,36445,29250,22531,26606,2015.1
54298,1039.5,6353.1,11865,11339,11010,10566,20570,37463,29949,22405,26698,2015
62656,1039.5,6349.1,11534,11013,10702,10278,20430,40146,31788,22038,26752,2014.7
55068,1039.5,6344.7,11630,11108,10792,10362,20540,37836,30141,22585,19168,2014.4
39888,1039.5,6343.7,11994,11466,11130,10678,19207,32321,26177,20130,19297,2013.9
38906,1039.5,6340,11906,11379,11048,10602,18879,31657,25687,19818,19240,2013.6
40515,1035.1,6337.8,11778,11253,10929,10490,19165,32012,25996,20013,19149,2013.3
41666,1023.7,6338.4,11904,11377,11046,10600,19517,32564,26395,20266,19477,2013.1
42153,1006.9,6343.3,12804,12264,11882,11380,20209,33976,27398,20891,19424,2012.8
39801,1009.9,6345.8,12860,12320,11935,11429,19694,33455,26997,20642,19537,2012.8
43410,974.11,6351.9,12869,12329,11943,11436,20586,34795,27962,21248,19557,2012.6
46165,954.3,6355.2,13177,12634,12229,11703,20624,36592,29248,22035,19703,2012.5
46893,945.15,6361.6,12845,12306,11921,11416,20625,36738,29352,22106,19543,2012.5
45569,914.66,6363.4,12795,12256,11874,11372,20651,35923,28779,21750,19668,2012.3
42885,908.56,6365.6,12421,11887,11527,11049,20254,34372,27675,21077,19703,2012.1
42904,893.32,6365.9,12220,11688,11340,10874,20121,33925,27353,20874,19870,2012
44277,900.18,6368,11939,11412,11079,10630,20268,34030,27420,20913,21138,2012
41834,1008.4,6375.6,12293,11760,11408,10937,19991,33550,27065,20695,20237,2011.8
37812,1039.5,6392.8,13775,13227,12784,12219,20167,34358,27656,21065,17128,2011.8
42873,1039.5,6418.1,16035,15486,14875,12665,20502,39647,31422,22350,16383,2012.7
54514,1039.5,6445,17349,16811,16087,12591,20200,44906,35843,21437,17074,2014.4
59069,1039.5,6472.1,17507,16985,16231,12566,20083,44773,37472,21106,17024,2016.6
57807,1039.5,6498.7,17445,16909,16176,12586,20126,44829,36737,21256,16894,2019.1
57228,1039.5,6519.9,16400,15853,15212,12645,20191,44924,35545,21500,18464,2021.6
57590,1039.5,6537.5,15552,15001,14430,12693,20226,44608,34788,21655,19189,2457.4
58480,1039.5,6555.6,15694,15144,14561,12685,20200,44963,35039,21603,19189,5389.8
74870,1039.5,6569.8,15702,15152,14568,12684,19874,44586,38044,20703,16007,5382.6
54646,1039.5,6580.5,15108,14556,14019,12718,20314,42656,33422,21938,16225,5363.1
65107,1039.5,6588.5,14451,13900,13411,12756,20142,44909,35692,21472,13369,4150.9
48463,1039.5,6592.5,13791,13243,12799,12234,20509,38243,30300,22590,13778,3706.3
50689,1039.5,6596.2,13290,12746,12334,11801,20493,38376,30388,22572,14516,4103.9
46902,1039.5,6597.3,12869,12329,11943,11437,20589,36256,28877,21799,15077,3340.1
45231,1039.5,6598.7,12486,11951,11588,11105,20639,35140,28078,21306,15362,3273.6
13507,1039.5,6601,12343,11810,11454,10981,13259,22150,18353,14868,11320,2024.7
13596,1039.5,6608.7,12962,12421,12029,11517,13776,23117,19082,15380,11865,2025.9
13695,1039.5,1277.4,13316,12771,12358,11823,14042,23919,19680,15792,12801,2026.2
13787,1039.5,1281.4,12217,11685,11337,10871,13314,22851,18883,15240,12528,2027.4
13882,1033.6,1285.4,12120,11590,11247,10787,13193,22637,18718,15125,12182,2028.4
13971,1017.6,1289.1,11957,11430,11096,10646,13042,22277,18444,14933,12226,2029.3
14065,1039.5,1293.1,11691,11168,10848,10415,12837,21813,18095,14687,12140,2030
14156,1039.5,1297,11571,11049,10736,10310,12775,21530,17813,14488,13069,2030.8
14248,1039.5,1301.4,12146,11615,11271,10810,13254,22284,18343,14862,15767,2031.7
14354,1039.5,1306.1,13245,12702,12293,11762,14028,23660,19348,15562,14157,2033.2
14454,1039.5,1311.1,13486,12940,12516,11970,14268,24165,19657,15776,11869,2034.3
14552,1039.5,1317.1,14643,14092,13589,12745,15140,25694,20742,16518,14538,2035.8
14661,1039.5,1323.4,16437,15890,15246,12643,16495,28285,22655,17798,12881,2036.9
14759,1039.5,6897.3,17416,16985,16129,12456,19007,32590,25816,19849,14304,2038.5
14864,1039.5,6749.4,17160,16985,15829,12162,20518,39147,30603,22540,15217,2041.2
14976,1039.5,6803.6,17006,16985,15647,11997,20344,42510,33002,22039,14993,2044.6
15108,1039.5,6806,17173,16985,15844,12176,20535,38153,29927,22402,15339,2048.8
15253,1039.5,6810.8,17256,16985,15943,12270,20632,35833,28248,21372,13850,2052.7
15466,1039.5,6805.6,17292,16985,15985,12310,20658,35119,27755,21067,16333,2056.5
15622,1039.5,6760.8,17216,16985,15895,12224,20536,37654,29578,22191,20003,2062.1
15854,1039.5,6772.2,17065,16985,15716,12059,20362,41391,32229,22199,17608,2067.5
16048,1039.5,6786.9,17135,16985,15799,12135,20451,39661,31012,22454,16306,2072.4
50098,1039.5,6759.1,17144,16985,15810,12144,19941,44686,38096,20996,16091,2076.6
70617,1039.5,6767.9,17066,16985,15718,12060,19540,44164,37263,19941,16126,2081.3
86917,1039.5,6781.4,17159,16985,15827,12160,19396,43955,36852,19588,14921,2085.3
72769,1039.5,6786.9,17215,16985,15895,12223,19689,44370,37694,20349,16022,2088.9
87944,1039.5,6771.6,17200,16985,15876,12206,19435,44019,36997,19709,15601,2092.3
60324,1039.5,6772.3,17184,16985,15858,12188,19851,44570,38092,20768,20615,2095.8
80923,1039.5,6770.1,17136,16985,15801,12136,19437,44028,37016,19725,13014,2099.7
65601,1039.5,6714.6,16923,16985,15549,11911,19345,43893,36731,19490,26336,2105.3
1.0443e+05,1039.5,6694.6,16597,16985,15186,11599,18421,42243,33323,17544,24452,2115.1
1.1597e+05,1039.5,6744.8,16672,16985,15266,11667,18373,42116,33100,17562,30270,4745.8
1.1675e+05,1039.5,6773.2,16886,16985,15507,11874,18616,42645,34220,18058,25719,4758.6
1.1691e+05,1039.5,6784.1,17045,16985,15693,12038,18795,43005,34963,18450,26396,4768.5
1.1718e+05,1039.5,6794.4,17127,16985,15790,12126,18869,43151,35261,18624,26315,4777
1.1685e+05,1039.5,6784.3,17130,16985,15794,12129,18853,43124,35211,18594,27371,4785.7
1.1696e+05,1039.5,6794.5,17126,16985,15789,12125,18822,43037,35035,18491,27842,4795.2
1.1658e+05,1039.5,6795.3,17150,16985,15817,12151,18839,43055,35072,18513,31416,4805.7
1.1664e+05,1039.5,6789.9,17160,16985,15829,12162,18842,43025,35000,18471,31292,4818.9
1.1645e+05,1039.5,6804.4,17209,16985,15887,12216,18895,43117,35176,18574,34110,4834.2
1.1688e+05,1039.5,6813.6,17270,16985,15960,12286,18975,43284,35509,18776,33969,4848.7
1.1657e+05,1039.5,6816,17274,16985,15964,12290,18972,43287,35519,18783,35085,4860.4
1.1678e+05,1039.5,6808.3,17242,16985,15926,12253,18912,43206,35361,18685,39035,4873
1.1652e+05,1039.5,6798.7,17221,16985,15901,12230,18850,43094,35143,18554,42679,4886.6
1.1677e+05,1039.5,6801.7,17185,16985,15858,12189,18765,42949,34847,18385,44524,4902.1
1.1662e+05,1039.5,6793,17149,16985,15816,12150,18674,42790,34512,18206,44524,4920.1
1.172e+05,1039.5,6792.2,17077,16985,15731,12072,18602,42664,34253,18074,44524,4938.6
1.1747e+05,1039.5,6796.2,17040,16985,15687,12033,18602,42670,34270,18083,41794,4956.4
1.1814e+05,1039.5,6804.2,17056,16985,15706,12049,18644,42759,34454,18176,34666,4969.8
1.1828e+05,1039.5,6819.3,17074,16985,15727,12069,18691,42854,34667,18287,32404,4979.7
1.1873e+05,1039.5,6821.7,17073,16985,15725,12067,18683,42845,34651,18279,32042,4987.4
1.186e+05,1039.5,6796.1,16961,16985,15594,11950,18497,42484,33906,17908,31244,10591
1.1859e+05,1039.5,6807.6,16973,16985,15608,11963,18441,42354,33622,17780,29825,10521
1.1635e+05,1039.5,6829.7,17105,16985,15763,12102,18168,41763,32385,17295,37242,10539
1.1775e+05,1039.5,6835.1,17166,16985,15837,12169,18428,42343,33585,17764,41790,10538
1.1572e+05,1039.5,6834.2,17139,16985,15804,12139,18045,41500,31827,17111,43695,10532
1.1833e+05,1039.5,6833.2,17098,16985,15755,12094,18499,42496,33915,17912,42049,10527
1.1556e+05,1039.5,6835.8,17096,16985,15753,12092,18005,41403,31645,17055,44524,10526
1.1815e+05,1039.5,6839.4,17131,16985,15795,12130,18529,42556,34032,17967,44524,10525
1.1556e+05,1039.5,6843.1,17150,16985,15818,12151,18060,41542,31926,17142,44524,10528
1.1764e+05,1039.5,6856.1,17210,16985,15888,12217,18546,42596,34115,18007,44524,10521
1.151e+05,1039.5,1330.7,17318,16985,16016,12341,18210,41932,32758,17292,37981,10527
1.1845e+05,1039.5,1334,13899,13350,12899,12326,19413,44086,37168,19793,37211,10552
1.1808e+05,1039.5,1337.3,13340,12796,12381,11844,19453,44145,37291,19903,34340,10555
1.1749e+05,1039.5,1340.5,12476,11941,11578,11096,19499,44211,37422,20023,34025,10568
1.1684e+05,1039.5,1343.5,11795,11270,10945,10505,19528,44252,37504,20100,37097,10568
1.1608e+05,1039.5,1346.2,11334,10817,10515,10104,19563,44301,37603,20195,39367,10564
93837,1039.5,1348.9,10697,10193,9922.2,9548.2,19993,44833,35976,21361,33554,10562
73958,1039.5,1351.1,9933.2,9447.5,9211.1,8881,20379,39449,30451,22504,30592,10577
66712,1039.5,1353.1,9089.9,8627.7,8425,8141.5,20547,35970,27960,21392,32015,10591
62472,1039.5,1354.8,8499.1,8055.4,7874.2,7621.9,20651,33801,26377,20401,41685,9976.6
59471,1039.5,1356.4,8069.3,7640,7473.5,7243.1,20152,32194,25200,19654,43216,10281
57811,1039.5,1357.8,7780.3,7361.3,7204.1,6988,19609,31275,24516,19214,44524,10086
58320,1039.5,1359.1,7476.9,7069,6921.2,6719.9,19399,30911,24248,19038,43973,10364
56141,1039.5,1360.4,7296,6895,6752.6,6559.9,18769,29855,23487,18541,42095,10437
55404,1039.5,1361.7,6699.1,6321.9,6196.4,6031.1,18266,29015,22868,18135,41883,9625
51829,1039.5,1362.8,6162.8,5808.4,5696.9,5554.7,17333,27473,21729,17387,43284,8993.5
49953,1039.5,1363.9,6323.2,5961.8,5846.3,5697.3,17091,27064,21425,17189,44524,9266.6
50071,1039.5,1364.8,5906.7,5563.6,5458.4,5326.8,16726,26454,20958,16874,44524,9004.6
50239,1039.5,1365.7,5881,5539.1,5434.5,5304,16507,26084,20682,16675,44478,9487
45806,1039.5,1366.7,5626.7,5296.3,5197.8,5077.5,15242,24016,19151,15624,42982,8902.5
41275,1039.5,1367.6,5334.5,5017.8,4926,4816.9,13923,21874,17554,14507,39134,8097.7
43540,1039.5,1368.4,5129.3,4822.4,4735.1,4633.7,14135,22209,17805,14677,36690,7964
38967,1039.5,1369.2,4954.2,4655.9,4572.3,4477.3,13054,20460,16493,13740,36406,6700.6
37199,1039.5,1370,4906.3,4610.4,4527.8,4434.5,12708,19901,16073,13443,38378,6546.2
36931,1039.5,1370.6,5052.4,4749.3,4663.7,4565.1,12848,20120,16235,13573,41019,6258
33631,1039.5,1371.4,4875.9,4581.4,4499.5,4407.3,12202,19085,15456,13014,44524,6639.6
38649,1039.5,1371.8,4667.5,4383.5,4305.9,4220.9,13005,20386,16440,13712,44524,7362.9
38861,1039.5,1371.9,4915.1,4618.8,4536,4442.4,13063,20470,16529,13767,44524,6213.8
35338,1039.5,1372.3,5003.6,4702.9,4618.3,4521.4,12322,19270,15642,13124,42986,7300.5
34202,1039.5,1372.7,4836.5,4544.1,4463,4372.1,11955,18678,15195,12801,42792,7114.8
43038,1039.5,1372.8,4652.3,4369,4291.8,4207.2,13596,21323,17181,14229,40683,6705.2
36366,1039.5,1373.2,4458.5,4185.2,4111.8,4033.8,12059,18932,15298,13097,41659,6750.9
30908,1039.5,1373.8,3286.7,3076.8,3025.1,2981.5,10050,15717,12866,11298,38606,6512.1
32833,1039.5,7124.9,3290.5,3080.3,3028.6,2984.8,10404,16278,13296,11604,38934,6056.1
32779,1039.5,7113,9057.6,8596.3,8394.9,8113.1,14060,22135,17707,14785,38983,5981.9
32997,1039.5,7101,6705.7,6328.2,6202.5,6036.8,12559,19743,15912,13510,36501,4772
33471,1039.5,7089.6,4970.5,4671.4,4587.5,4491.9,11463,17977,14583,12532,40558,6219.4
32873,1039.5,7076.3,4933.3,4636,4552.9,4458.6,11188,17523,14239,12258,35435,6073.9
28394,1039.5,7062.5,4795.9,4505.5,4425.2,4335.8,10129,15843,12969,11314,33539,5717.2
30224,1039.5,7050.1,4696.9,4411.4,4333.3,4247.2,10451,16346,13348,11610,34363,5192.4
29660,1039.5,7035,4556.3,4277.9,4202.6,4121.3,10227,15980,13068,11412,35228,4575.4
29321,1039.5,7022.6,4466.5,4192.7,4119.2,4040.9,10046,15683,12842,11235,35024,4593.8
27936,1039.5,7007.4,4415.4,4144.3,4071.8,3995.2,9663.1,15069,12380,10878,34799,4717.4
28355,1039.5,6993.5,4391.5,4121.6,4049.6,3973.7,9677.3,15078,12389,10862,35263,4769.4
28199,1039.5,6978.1,4380.8,4111.5,4039.6,3964.1,9597.8,14945,12280,10762,33262,4399.6
25216,1017.6,6963.9,4320.9,4054.7,3984.1,3910.5,8907,13849,11445,10115,30212,4145.4
30807,1039.5,6949.6,4260.1,3997.1,3927.6,3856,10021,15599,12772,11124,32775,4005.7
29017,1039.5,6934,4530.9,4253.8,4179,4098.6,9813.7,15267,12524,10953,31270,3852.6
23838,1039.5,6919.7,4516.6,4240.3,4165.7,4085.8,8682.3,13477,11172,9926,32717,4100.9
27059,907.04,6903.9,4459.1,4185.7,4112.4,4034.3,9279,14412,11881,10447,31990,3405.5
30603,828.53,6888,4214.3,3953.7,3885.1,3814.9,9839,15293,12552,10947,29699,4324.4
27502,813.29,6870.8,4229.9,3968.4,3899.5,3828.9,9181.9,14252,11748,10328,29028,4326.5
24321,836.91,6852.3,4226.9,3965.6,3896.8,3826.2,8495.5,13166,10918,9686.4,29544,3622
24754,799.57,6833.6,4250.4,3987.8,3918.6,3847.2,8581.9,13300,11024,9768.4,30077,3424.5
27192,748.5,6815.9,4570.1,4291,4215.4,4133.7,9288.2,14408,11872,10417,29286,3815.2
25150,744.69,6799.6,4257.2,3994.3,3924.9,3853.3,8648.6,13401,11108,9821.4,28942,3523
23636,753.07,6783.3,4229,3967.6,3898.7,3828.1,8316.3,12880,10712,9514.3,31715,3264.9
24961,1039.5,6765.5,4203.7,3943.6,3875.2,3805.4,8647,13397,11102,9835.7,38010,2517.8
26167,842.25,6747.4,4085.6,3831.8,3765.7,3699.5,8810.5,13652,11302,9986.4,33310,4380.1
27736,684.47,6729.4,4093.6,3839.3,3773.1,3706.6,9130.6,14153,11681,10260,29212,3815.2
25786,636.45,6712.4,4204.1,3944,3875.6,3805.7,8767.8,13581,11244,9929.5,29093,3730.1
38940,608.25,6701.5,4267.5,4004.1,3934.5,3862.6,11606,18078,14645,12491,27778,2637.2
18647,498.49,2343.6,4774.7,4485.3,4405.5,4316.8,7921,12330,10301,9333.6,28813,3669.1
19234,430.65,1290,4484.7,4210,4136.1,4057.2,7846.9,12549,10468,9454.8,27143,3382.4
16829,410.84,1289.8,3979.3,3731.1,3667,3604.1,6999.1,11530,9693.5,8841.7,27421,2673.8
18464,410.84,1289.6,3781.7,3544.2,3483.8,3426.6,7206.9,11596,9740.3,8874.2,26791,2799.3
18437,464.19,1289.3,3391.6,3175.7,3122.2,3075.8,6941.2,11074,9371.8,8599.5,28480,2231.8
18977,546.51,1289.6,3600,3372.5,3315.4,3263.3,7217.4,11449,9675,8959.8,32552,2906.1
19360,435.99,1289.8,3769,3532.2,3472,3415.2,7434.4,11756,9936.8,9208.7,30606,3654.8
20085,593.77,1289.7,3905.6,3661.4,3598.7,3537.9,7701.6,12157,10256,9464.1,30371,2683.5
21012,525.17,1289.8,3938.9,3692.9,3629.5,3567.8,7906.5,12464,10436,9563.6,33038,2817.8
23805,473.34,1289.1,3940.3,3694.2,3630.9,3569.1,8483.6,13377,11097,10011,31131,3965.7
21052,417.7,1288.5,3820.7,3581.1,3519.9,3461.7,7791,12310,10288,9359.3,30045,2577.5
19704,387.97,1288,3733.6,3498.8,3439.2,3383.4,7462.9,11776,9883.1,9034.2,29963,3114.4
22598,352.14,1287.4,3673.9,3442.3,3383.8,3329.7,8027.3,12633,10512,9505.9,29605,2742.7
20789,326.99,1286.9,3946.5,3700.1,3636.6,3574.7,7793.6,12251,10216,9266.4,28578,3717.3
19556,308.7,1286.4,3678.1,3446.3,3387.7,3333.5,7327.5,11519,9660.2,8828.9,26644,2432.8
20465,318.61,1286.4,3173.8,2970.3,2920.6,2879.8,7171.6,11272,9484.2,8694,27656,2734.5
18209,358.24,1286.3,3337.8,3124.9,3072.4,3027.4,6794.5,10675,9108.9,8397,31134,3090.3
20266,442.85,1285.8,3467.3,3247.2,3192.4,3144,7320.6,11488,9791,8941.5,33293,2728.8
17982,406.26,1285.4,3422.2,3204.6,3150.6,3103.4,6774.1,10631,9138,8434.7,33252,3240.8
17823,376.54,1285.1,3360.8,3146.7,3093.8,3048.2,6685.4,10481,9021.8,8366.6,30024,3750.1
23626,385.68,1284.7,3756.9,3520.7,3460.7,3404.3,8197.3,12837,10815,9748.8,30040,4378.1
25513,355.96,1284.1,4329.4,4062.8,3991.9,3918.1,9002.3,14115,11767,10484,29711,4210.4
25846,322.42,1284.3,3987,3738.4,3674.2,3611,8908.5,14033,11649,10419,27480,2664.5
25791,290.4,1283.8,3975.4,3727.5,3663.4,3600.6,8943.4,14115,11694,10451,28395,3596.8
23852,269.82,1283.5,3903.2,3659.1,3596.4,3535.7,8500.8,13414,11160,10021,27566,2706.7
22183,253.06,1283.2,3786.3,3548.6,3488,3430.8,8051.4,12714,10626,9590.8,27440,3311.1
23163,240.1,1283.4,3719.2,3485.1,3425.8,3370.4,8178.1,12914,10774,9698.8,26882,2586.3
21393,225.62,1283.1,3793.5,3555.4,3494.7,3437.2,7825.1,12349,10342,9354.5,26867,2666
22754,222.57,1283.3,4004.1,3754.6,3690,3626.3,8241.3,12987,10833,9737.1,27154,2569.3
21760,219.52,1283,3690.5,3458,3399.2,3344.7,7815,12309,10319,9336.7,27104,2686.1
24400,240.1,1283,3691.2,3458.7,3399.9,3345.3,8370.8,13347,11151,9808.9,27018,2231.9
24029,332.33,1283.1,3499.9,3277.9,3222.6,3173.3,8196.5,13054,10927,9632,26989,2521.7
24316,337.66,1283,3473.2,3252.8,3197.9,3149.3,8242.9,13111,10968,9665.8,26769,2595
23115,375.01,1282.8,3441.3,3222.6,3168.3,3120.5,7943.9,12634,10607,9386.5,27371,2552.8
23302,382.63,1282.7,3426.5,3208.7,3154.6,3107.3,7950,12635,10608,9387,26490,2873.9
24724,330.04,1282.6,3425.5,3207.7,3153.7,3106.4,8228.2,13068,10936,9640,26009,2313.7
24201,391.02,1282.7,3412.8,3195.7,3141.9,3094.9,8106.7,12870,10777,9518.1,26429,2447.2
23777,459.62,1282.3,3393.9,3177.9,3124.4,3077.9,8019.4,12734,10676,9445.3,25732,2421.4
24645,608.25,1282.2,3374.5,3159.6,3106.4,3060.5,8218.3,13034,10913,9641.7,27131,2522.9
25998,717.25,1282.1,3352.2,3138.5,3085.8,3040.4,8516.6,13495,11263,9910.5,28270,2494.1
25733,840.73,1282.3,3350.1,3136.5,3083.8,3038.5,8507.8,13482,11256,9907.1,29332,2231.8
37540,672.28,1282.1,3400.4,3184.1,3130.5,3083.8,11088,17562,14342,12243,28453,2231.8
34235,641.02,1282.5,3505.4,3283.2,3227.7,3178.3,10509,16658,13663,11830,27214,2231.8
33947,548.8,1282.6,3631.3,3402.1,3344.4,3291.5,10529,16736,13730,11922,27836,2431.2
33917,487.82,1282.8,3688.8,3456.4,3397.7,3343.2,10562,16872,13832,11950,27124,2687.7
35481,452.76,1282.9,3649.1,3418.9,3360.8,3307.5,10901,17457,14268,12230,27389,2264.2
36354,416.93,1282.8,3600.1,3372.6,3315.4,3263.4,11063,17741,14482,12375,25910,2453.9
35404,387.21,1282.7,3680.3,3448.3,3389.7,3335.5,10917,17510,14296,12230,26434,2817.8
35058,361.29,1282.8,3891,3647.5,3585.1,3524.8,10952,17573,14350,12267,26361,2849.7
35119,346.05,1282.7,3876.8,3634.2,3572,3512.1,10959,17563,14352,12274,26601,2231.7
35672,327.75,1282.6,3833,3592.8,3531.4,3472.7,11051,17715,14463,12347,26379,2231.7
35915,315.56,1282.5,3813.2,3574,3513,3454.9,11051,17714,14458,12338,25925,2231.6
35723,312.51,1282.3,3794.8,3556.6,3495.9,3438.4,10977,17595,14386,12284,26277,2231.5
36673,312.51,1282.2,3792.4,3554.3,3493.7,3436.3,11164,17885,14651,12493,25998,2231.4
35659,691.33,1282.8,3823.3,3583.5,3522.3,3464,11055,17688,14506,12441,26724,2231.7
36520,612.82,1284.6,3925.6,3680.4,3617.3,3555.9,11448,18320,14994,12966,27304,2231.8
38093,495.44,1285.4,4185.8,3926.7,3858.7,3789.4,11941,19143,15628,13360,27866,2231.7
37984,455.81,1285.9,4177.5,3918.8,3850.9,3781.9,11872,19098,15583,13350,26562,2231.7
35950,412.36,1286.2,4096.9,3842.5,3776.2,3709.6,11354,18311,14986,12860,26205,2231.4
36267,391.02,1286.5,4054.9,3802.7,3737.2,3671.9,11351,18327,15030,12853,26856,2231.8
38478,357.48,1286.7,3976.5,3728.5,3664.4,3601.5,11722,18908,15469,13168,25893,2231.7
36146,503.06,1286.8,3881.7,3638.8,3576.5,3516.5,11139,17637,14593,12637,25147,2231.6
31475,484.01,1288.2,4035.8,3784.6,3719.4,3654.7,10239,16206,13552,12604,25372,4600.9
32314,535.84,1291.2,4357.1,4089,4017.7,3942.9,10679,16944,14413,13942,26140,5473.3
34913,547.27,1292.7,4717.5,4431,4352.4,4265.6,11507,18301,15462,13967,25993,7416.7
36463,512.97,1293.6,4503.9,4228.2,4154,4074.4,11697,18701,15648,13777,26473,7304.3
37425,490.11,1294.3,4281.2,4017,3947.2,3874.9,11750,18799,15685,13718,26417,6289.3
38193,493.92,1295.2,4330.8,4064,3993.2,3919.3,11938,19024,15801,13796,26299,6877.9
37164,453.52,1295.6,4419.6,4148.3,4075.7,3998.9,11760,18719,15588,13557,26299,6883.7
38529,441.32,1296.3,4384.8,4115.3,4043.3,3967.7,12008,19107,15896,13752,26281,6503.7
38700,453.52,1296.8,4316.6,4050.6,3980,3906.6,12003,19116,15916,13901,26266,6547.9
37776,464.19,1297.5,4275.2,4011.4,3941.6,3869.5,11791,18823,15764,13961,26238,6855.9
36319,466.48,1298.8,4376.8,4107.7,4035.9,3960.6,11588,18560,15549,13888,26245,6532.7
38099,478.67,1300,4418.1,4146.9,4074.3,3997.6,12043,19577,16348,14485,26217,6083
39510,462.67,1301.9,4623.3,4341.5,4264.9,4181.3,12541,20706,17205,15003,26302,7946.4
39594,428.37,1303.2,4650.3,4367.1,4289.9,4205.5,12534,20762,17171,14809,26203,7236.5
37456,428.37,1303.9,4396.5,4126.3,4054.2,3978.2,11861,19512,16208,14044,26169,6892.7
37253,416.17,1304.8,4244.1,3981.9,3912.7,3841.6,11677,19009,15737,13663,26212,6345.9
35895,416.17,1305.3,4369.9,4101.1,4029.5,3954.4,11456,18549,15378,13437,26080,5979.3
36128,416.17,1306,4155.3,3897.8,3830.4,3762,11350,18312,15155,13258,26088,6504.1
38635,416.17,1306.8,4183.5,3924.5,3856.5,3787.3,11918,19199,15784,13712,26078,7022.7
38780,403.21,1307.6,4241.7,3979.6,3910.5,3839.4,11996,19342,15903,13760,26044,6618.1
37410,403.21,1308,4189.2,3929.9,3861.8,3792.4,11656,18871,15529,13451,25993,6457.5
38337,378.06,1308.4,4233.6,3972,3903,3832.2,11856,19271,15812,13666,25998,6210.6
37864,378.06,1309.1,4221,3960,3891.3,3820.9,11789,19119,15698,13602,26024,6673
36478,365.86,1309.4,4245.3,3983,3913.9,3842.7,11492,18681,15370,13332,25980,6527.5
36889,365.86,1309.8,4230.8,3969.3,3900.4,3829.7,11542,18904,15530,13412,25913,6029.9
37639,365.86,1309.8,4096.5,3842.1,3775.8,3709.2,11619,18948,15595,13496,25821,6095.4
37096,365.86,1310.3,4009.2,3759.4,3694.7,3630.9,11461,18596,15349,13632,25672,6228.3
38884,391.02,1310.8,4144.3,3887.3,3820.1,3752.1,12008,19460,16032,14254,25590,6654
37355,352.91,1311.1,4277.1,4013.2,3943.4,3871.2,11774,19192,15823,14104,25587,6570.8
36354,314.8,1311.6,4292.9,4028.1,3958,3885.4,11539,19001,15629,13668,25558,9752.1
42948,186.74,1312.2,3835,3594.6,3533.2,3474.5,12579,20641,16867,14446,25375,9556.4
42346,169.21,1311.9,3302.3,3091.4,3039.5,2995.5,12046,19673,16166,13886,25297,8792.8
42545,169.21,1311.7,3146,2944.1,2894.9,2854.7,11938,19355,15923,13669,25107,9203.9
39948,169.21,1311.8,2950.2,2759.6,2713.7,2678.2,11215,18097,14999,12971,25003,8421.8
42655,177.6,1311.4,2926.2,2737,2691.5,2656.6,11761,18916,15663,13413,24936,8791.3
39944,195.13,1312,2925,2735.8,2690.4,2655.5,11192,17918,14911,12870,24917,9244.4
40876,211.9,6798.9,3293.8,3083.5,3031.7,2987.8,11661,18669,15473,13293,24992,9222.1
42631,211.9,6787.1,4456.9,4183.7,4110.3,4032.4,12811,20551,16881,14336,25109,9748.9
43325,203.51,6772.4,4720.5,4433.8,4355.1,4268.3,13220,21283,17437,14964,25056,9857.7
43484,195.13,6756.5,5072,4767.9,4681.8,4582.5,13513,22090,18084,15264,25012,9380.7
42786,186.74,6741.5,5113,4806.9,4719.9,4619.1,13354,22236,18214,15341,24940,9959.7
42571,186.74,6726.9,4912.4,4616.1,4533.5,4439.9,13163,21729,17778,15006,24927,8742.5
43500,186.74,6711.8,4834.4,4542,4461,4370.2,13292,21823,17838,15057,24941,9248.1
44480,177.6,6695.7,4958.7,4660.2,4576.5,4481.3,13592,22215,18130,15340,24900,10030
44010,177.6,6680.9,4738.1,4450.5,4371.5,4284,13335,21733,17768,15022,24850,8612.5
40272,177.6,6664.1,4523.9,4247.2,4172.5,4092.3,12382,20170,16589,14163,24817,9378.1
43410,169.21,6647.5,4844.5,4551.7,4470.4,4379.2,13114,21256,17346,14647,24780,8416.9
40494,160.83,6628.5,4685.3,4400.4,4322.5,4236.8,12319,19918,16316,13876,24752,8711.6
40349,177.6,6610.5,4549.3,4271.3,4196.2,4115.1,12202,19621,16065,13706,24721,8954.2
41091,195.13,6593,4496.9,4221.6,4147.4,4068.1,12367,19685,16123,13781,24692,8671
39489,220.28,6576.2,4617.8,4336.3,4259.7,4176.4,12179,19479,15978,13787,24694,9103.8
40501,245.43,6562.6,4809.5,4518.4,4437.9,4347.9,12612,20474,16734,14462,24677,9704.9
42994,228.67,6548.1,5037.8,4735.4,4650,4552,13368,21981,17862,15177,24689,8728.7
41232,220.28,6531.7,4988.1,4688.1,4603.8,4507.6,12958,21143,17212,14659,24666,9062.9
41034,211.9,6515.2,4668.2,4384.2,4306.6,4221.5,12707,20658,16838,14360,24691,8801.8
41147,211.9,6500.1,4729.1,4442,4363.1,4276,12761,20680,16820,14342,24703,9738.2
42970,195.13,6484,4710.2,4424,4345.5,4259.1,13112,21216,17212,14596,24726,9003.1
41830,186.74,6466.6,4741.2,4453.5,4374.4,4286.8,12859,20778,16881,14380,24713,9684.1
41541,177.6,6449.3,4774.9,4485.5,4405.7,4317,12802,20674,16861,14494,24704,8503.5
40942,169.21,6434,4889.1,4594,4511.9,4419.1,12722,20528,16748,14346,24674,8622.7
41151,304.08,6415.8,4329.4,4062.8,3992,3918.1,12404,19292,16269,14361,27956,2031.3
36620,326.83,6397.1,6021,5672.8,5564.8,5428.6,12520,19477,16320,14341,27836,2030.3
35928,326.83,6378.1,6678.1,6301.8,6176.8,6012.4,12779,19892,16604,14524,27930,2029.2
34845,285.88,6358.9,6697.7,6320.6,6195.1,6029.8,12542,19509,16402,14376,27907,2028.2
34163,265.41,6338.8,6717.5,6339.5,6213.5,6047.4,12381,19248,16225,14214,27996,2027
34956,265.41,6318.1,6664.9,6289.1,6164.5,6000.7,12499,19439,16463,14343,27377,2026
32000,285.88,6297.3,6531.2,6160.9,6039.9,5882,11784,18292,15723,13794,27545,2024.9
33101,306.36,6277.1,6520.5,6150.7,6030,5872.5,12031,18689,16126,14119,27664,2023.9
33243,306.36,6258.2,6652.3,6277,6152.8,5989.5,12175,18922,16441,14373,27663,2023
34873,306.36,6239.6,6966.4,6578.3,6445.4,6268,12932,20146,17384,15053,27671,2022.1
33871,306.36,6222.7,7062.6,6670.7,6535.1,6353.2,12754,19876,17289,14912,27701,2021.2
33143,306.36,6204,7041.4,6650.4,6515.4,6334.5,12527,19510,17042,14848,27684,2020.3
48204,326.83,6184.4,7052.6,6661.2,6525.8,6344.4,16322,25697,21664,18564,27668,2019.5
56681,347.31,6166.8,7263.1,6863.4,6722,6530.8,18204,28774,23900,21187,27702,2018.7
56646,367.78,6154.4,7432.8,7026.6,6880.1,6680.9,18138,28675,23670,21279,27657,2018
56841,388.26,6143.1,7549.9,7139.3,6989.3,6784.4,18133,28690,23590,20372,27657,2017.2
56796,388.26,6128.8,7564,7152.9,7002.5,6796.9,17997,28452,23384,19865,27687,2016.4
55499,388.26,6112.5,7782.7,7363.6,7206.3,6990.2,17944,28374,23318,21643,27742,2015.5
54297,367.78,6095.1,8866.3,8410.8,8216.5,7944.9,19516,31060,25394,22363,27732,2014.7
56769,367.78,6081.7,9697.2,9217.7,8991.1,8674.3,20315,32469,26502,21936,27800,2013.8
57503,388.26,6072.1,9713.3,9233.4,9006.1,8688.3,20227,32346,26586,21649,26886,2013
55472,388.26,6063.2,10041,9553,9312,8975.7,20047,32075,26508,21233,27598,2012.3
56205,408.73,6059.8,10912,10403,10123,9736.2,20639,34210,28425,19642,27905,2011.5
59365,408.73,6071.3,13790,13242,12798,12232,20378,39761,32660,19642,28103,2010.8
60653,408.73,6086.6,13392,12847,12429,11889,20388,39724,32218,20231,28079,2010.2
61600,408.73,6089.8,11301,10785,10485,10075,20536,36389,29910,20993,27954,2009.5
58763,408.73,6087.5,10860,10353,10075,9691.2,20604,34904,29156,21027,27784,2008.9
62222,388.26,6081.5,9930.6,9445,9208.6,8878.7,20619,34662,28866,21567,27370,2008.2
57367,388.26,6071.6,9163.3,8698.9,8493.5,8205.9,19761,31585,26595,22255,27231,2007.5
54173,388.26,6059.5,8657.7,8208.8,8022.1,7761.5,18617,29613,25087,22286,27329,2006.8
56650,408.73,6046,8331.4,7893.2,7717.9,7474.1,18803,29871,25126,22323,27481,2006
55539,396.6,6032.1,8023.5,7595.8,7430.8,7202.6,18404,29223,24472,20971,21621,2005.2
51060,376.88,6017.7,7139.1,6744.2,6606.3,6420.9,16856,26655,22552,19533,21764,2004.5
50412,376.88,6002.8,7155.5,6760,6621.7,6435.5,16688,26365,22195,19225,21738,2003.8
49858,357.17,5987.4,6380.3,6016.4,5899.4,5748,16039,25290,21339,18527,21670,2003
48676,357.17,5971.2,6208.1,5851.6,5739,5595,15648,24643,20795,18070,21573,2002.3
50458,357.17,5954.7,6121.9,5769.3,5658.8,5518.4,15976,25169,21190,18542,21578,2001.6
50261,357.17,5938.1,6186.3,5830.8,5718.7,5575.6,16030,25262,21341,18720,21595,2000.8
49581,357.17,5921.5,6276.2,5916.8,5802.5,5655.5,15935,25141,21341,18580,21523,2000.1
48915,357.17,5905,6268.3,5909.2,5795.1,5648.5,15778,24899,20940,18267,21459,1999.4
49266,357.17,5888.5,6234.1,5876.5,5763.2,5618.1,15825,24968,20878,18166,26207,1998.6
51446,357.17,5872.2,6199,5843,5730.6,5586.9,16227,25615,21232,18318,26170,1997.9
51346,357.17,5856.1,6221.7,5864.7,5751.7,5607.1,16191,25549,21143,18209,26156,1997.2
51349,357.17,5841.2,6870.3,6486.1,6355.9,6182.8,16953,26813,22095,18866,26172,1996.4
52754,357.17,5831.8,7561.6,7150.6,7000.2,6794.8,17623,27949,22983,19366,26237,1995.7
53156,396.6,5821.8,7539.1,7128.9,6979.2,6774.9,17668,28036,23035,19700,26225,1995
55574,416.31,5820.8,7731,7313.8,7158.1,6944.5,18514,29406,24058,21423,26442,1994.3
64305,396.6,5832.2,8519.8,8075.4,7893.5,7640.1,20610,34538,27930,22210,26721,1993.7
68311,396.6,5838.3,8261.3,7825.4,7652.5,7412.3,20581,35137,28446,22264,26997,1993.1
65133,396.6,5836,7712.6,7296,7140.9,6928.2,20645,32920,26831,22319,27066,1992.4
60797,376.88,5829,7400.2,6995.2,6849.7,6652,19378,30794,25283,21221,26991,1991.8
58721,376.88,5819.6,7233,6834.5,6693.9,6504.1,18718,29686,24465,20591,26909,1991.1
57204,376.88,5808.8,6982.9,6594.2,6460.8,6282.6,18153,28744,23679,20000,26883,1990.4
56592,376.88,5797.2,6841.2,6458.2,6328.8,6157,17869,28267,23207,19610,26828,1989.7
55368,396.6,5784.9,6738.6,6359.8,6233.2,6066.1,17496,27646,22743,19237,26648,1989
54143,396.6,5772.2,6595.3,6222.4,6099.7,5938.9,17106,26998,22259,18876,26686,1988.2
55399,396.6,5759,6474.1,6106.3,5986.8,5831.4,17249,27227,22418,18943,26574,1987.5
55991,416.31,5746,6397.5,6032.9,5915.4,5763.3,17308,27321,22485,18956,22945,1986.7
52406,416.31,4128.9,6353.4,5990.7,5874.4,5724.1,16517,26024,21523,18324,22674,1985.9
55046,396.6,1108.7,5846.9,5506.5,5402.7,5273.6,16832,26537,21840,17964,25392,1985.1
37873,416.31,1109.9,4840,4547.3,4466.2,4375.2,12553,19603,16792,14520,25673,1984.2
38678,396.6,1110.9,4821.2,4529.5,4448.7,4358.4,12667,19784,16943,14604,25440,1983.4
38598,323.8,1111.9,4801.9,4511.1,4430.8,4341.1,12602,19679,16790,14465,25014,1982.6
37092,341.24,1112.7,4777.9,4488.4,4408.5,4319.7,12244,19104,16310,14095,25697,1981.8
37748,357.92,1113.5,4759.9,4471.3,4391.8,4303.6,12371,19304,16359,14195,25914,1981
40501,357.92,1114.4,5023.5,4721.8,4636.8,4539.2,13538,21196,17791,15852,25883,1980.2
42262,341.24,1116.3,5486.4,5162.6,5067.3,4952.5,14534,22876,19104,16510,25900,1979.4
42330,341.24,1117.7,5381.4,5062.5,4969.6,4858.8,14329,22633,18898,16255,25816,1978.7
42811,341.24,1119,5202.4,4892,4803.1,4699,14185,22330,18588,15960,25654,1978
42215,341.24,1120.2,4985.7,4685.8,4601.6,4505.4,13842,21743,18071,15557,25699,1977.2
39688,341.24,1121.3,4842,4549.2,4468,4376.9,13156,20623,17227,14954,25824,1976.5
43210,341.24,1122.5,4779.4,4489.8,4409.9,4321,13843,21726,18054,15565,25855,1975.7
38610,392.05,1124,4868.4,4574.3,4492.6,4400.6,13032,20425,17104,15142,25791,1974.9
42935,392.05,1126.4,5458.1,5135.6,5041,4927.2,14598,22985,19069,16593,25875,1974.2
41724,392.05,1497.2,5799,5460.7,5358.1,5230.9,14680,23159,19192,16656,26045,1973.4
46373,392.05,3094.8,6009.5,5661.8,5554.1,5418.4,16007,25323,20789,17604,26211,1972.7
43835,375.36,2347.7,6126,5773.1,5662.6,5522,15404,24341,20048,17012,26111,1972.1
42747,392.05,1934.5,5694.4,5360.9,5260.8,5137.8,14780,23312,19271,16428,26034,1971.4
43220,409.49,1643.4,5447.8,5125.8,5031.4,4918,14620,23033,19144,16295,26004,1970.6
43209,409.49,1521.1,5285,4970.7,4879.9,4772.7,14441,22724,19011,16160,26037,1969.9
44234,426.17,1424.7,5205,4894.5,4805.5,4701.3,14548,22883,19132,16206,26090,1969.2
41950,460.3,1308.3,5123.3,4816.7,4729.6,4628.4,13970,21935,18416,15686,26278,1968.5
40792,476.98,1309.8,5081.2,4776.7,4690.4,4590.8,13630,21378,18068,15449,26259,1967.8
28652,460.3,1469.1,5112.3,4806.3,4719.3,4618.5,11008,17170,14919,13196,26413,1967.1
33472,460.3,1299.7,5104.1,4798.4,4711.7,4611.2,12022,18783,16119,14039,26007,1966.4
29291,511.1,1208.9,5018.9,4717.4,4632.5,4535.1,11071,17261,15009,13231,25875,1965.8
33869,562.67,1737.7,5038.5,4736,4650.7,4552.6,12088,18883,16153,14067,25946,1965.1
30055,545.23,2200.5,5417.5,5096.9,5003.2,4891,11571,18056,15501,13596,25980,1964.4
32231,528.54,1979.1,5512.9,5187.8,5091.9,4976.1,12140,18980,16195,14070,26074,1963.7
30111,562.67,1591.7,5272.1,4958.4,4867.9,4761.3,11531,18011,15457,13515,26011,1963
23579,596.79,1376.7,5229.7,4918,4828.4,4723.3,9929.1,15433,13465,11990,18345,1962.3
17761,613.48,1444.7,4327.2,4060.6,3989.8,3916.1,8036.7,12450,11310,10389,18591,1961.6
18526,647.6,1293.6,4347.8,4080.1,4009,3934.5,8204,12706,11488,10494,18515,1961
18140,463.33,1202,4237.9,3976,3907,3836,8007.3,12390,11248,10296,18599,1960.3
19470,508.83,1343.3,4216.7,3955.9,3887.3,3817.1,8284.6,12820,11561,10583,18575,1959.6
19983,519.44,2017.1,4456,4182.8,4109.4,4031.5,8609.2,13330,11963,10945,18753,1959
22947,463.33,3457.7,5039.3,4736.8,4651.5,4553.3,9665.6,15001,13160,11822,19249,1958.5
50261,519.44,3137.5,5610.3,5280.7,5182.5,5062.9,15977,25152,20661,17052,19214,1958.1
47671,677.93,2583.4,5413.5,5093.1,4999.5,4887.4,15325,24095,19836,16601,18951,1957.7
49864,881.16,3973,5527.7,5201.9,5105.7,4989.3,16005,25196,20680,17359,18925,1957.3
48316,859.17,4968.6,6512.5,6143.1,6022.6,5865.4,16364,25793,21093,17486,19004,1956.9
49785,836.42,3916,6649.3,6274.2,6150,5986.8,16823,26554,21629,17764,19096,1956.6
49435,813.67,3189.1,6067,5716.7,5607.6,5469.5,16364,25797,21048,17343,18995,1956.2
45794,790.92,2879.1,5606.7,5277.2,5179.2,5059.6,15237,23950,19681,16388,18931,1955.8
45504,790.92,2420.6,5267.9,4954.4,4864,4757.5,14919,23425,19276,16081,18909,1955.3
37943,749.21,1171,4933.7,4636.4,4553.3,4459,12970,20268,16911,14418,14069,1954.8
38595,746.94,1172.8,4294,4029.2,3959.1,3886.4,12647,19740,16561,14152,14080,1954.3
36762,760.59,1174.7,4188,3928.7,3860.7,3791.3,12158,18948,15984,13734,14131,1953.7
37156,765.14,1176.6,4147,3889.9,3822.6,3754.6,12323,19211,16197,13918,14234,1953.1
40216,763.62,1178.4,4228.6,3967.2,3898.3,3827.7,13205,20627,17249,14627,14293,1952.6
41325,762.86,1180.1,4183.4,3924.4,3856.4,3787.2,13449,21018,17529,14800,14439,1952.1
39921,785.61,1181.7,4069,3816.1,3750.3,3684.6,13087,20432,17087,14479,14591,1951.6
40341,796.99,1183.4,4035.7,3784.5,3719.3,3654.7,13198,20609,17218,14573,14780,1951.2
40362,828.08,1185.3,3998.1,3748.9,3684.4,3620.9,13288,20758,17324,14697,15302,1950.7
42279,809.12,1187.8,4125,3869,3802.2,3734.8,13949,21831,18223,15324,15311,1950.4
40656,769.69,1190,4148.8,3891.6,3824.3,3756.2,13598,21272,17820,15016,15174,1950
40196,737.08,1192,4084.2,3830.5,3764.4,3698.2,13422,20986,17606,14845,15046,1949.5
38774,719.64,1193.9,4080.2,3826.7,3760.7,3694.6,13042,20368,17067,14449,15051,1949.1
40116,724.19,1195.6,4057.4,3805.1,3739.5,3674.2,13330,20827,17317,14619,14720,1948.6
39608,737.84,1197.2,4041.5,3790,3724.8,3659.9,13234,20666,17162,14526,14779,1948.1
14541,811.39,1198.9,4321.6,4055.3,3984.7,3911.1,7508,11592,10183,8128.6,11026,1947.6
14564,963.82,1201.1,7042.7,6651.6,6516.6,6335.6,9388.3,14553,12428,9902.4,11574,1947.2
14588,1039.5,1204.4,7489.6,7081.2,6933,6731.1,9861.4,15307,12972,10323,12862,1946.9
14634,1039.5,1208.9,8395.7,7955.4,7777.8,7530.8,10757,16737,14055,11150,14144,1947.1
14701,1039.5,1215.1,9907.4,9422.4,9187,8858.4,12079,18876,15682,12368,15698,1947.9
14797,1039.5,1222.9,11948,11421,11087,10638,13604,21363,17557,13736,17257,1949.7
14928,1039.5,1231.5,13394,12849,12431,11891,14637,23067,18826,14641,17443,1952.6
15070,1039.5,1238.5,13235,12691,12283,11753,14533,22899,18708,14557,17963,1956.2
15217,1039.5,1245.3,12630,12093,11721,11230,14118,22214,18208,14202,18172,1959.8
15357,1039.5,1252.4,12539,12003,11637,11151,13998,22028,18072,14105,18364,1963.4
15492,1039.5,1258.1,12033,11504,11166,10712,13533,21273,17500,13695,17684,1966.6
15616,1039.5,1263.2,11286,10770,10471,10062,12899,20240,16709,13122,18134,1969.5
15727,1039.5,1267.9,10717,10213,9941.7,9566.5,12388,19401,16137,12703,18302,1972
15826,1039.5,1272,10116,9626,9381.7,9041.3,11927,18651,15576,12289,17868,1974.1
15917,1039.5,1276,9825.5,9342.6,9110.7,8786.6,11709,18286,15308,12091,17946,1976
32317,1039.5,1280.8,10302,9806.9,9554.5,9203.4,15755,24801,20240,15631,18980,1977.9
35199,1039.5,1287.7,12726,12188,11811,11313,18651,29558,23780,18028,19780,1980.9
42991,1039.5,1296.2,16121,15572,14955,12661,20510,36577,28891,21309,20362,1986.4
48270,1039.5,1304.6,17474,16985,16194,12525,20282,41323,32262,22343,20751,1992.8
51801,1039.5,1313.6,17415,16985,16128,12455,20163,43754,33957,21987,20515,1999
53541,1039.5,1322.4,17455,16985,16173,12503,20169,43639,33873,22005,20943,2005.1
59137,1039.5,1330.9,17466,16985,16185,12516,20066,44922,35309,21706,22731,2011.4
76467,1039.5,1339,17434,16985,16149,12477,19737,44537,38001,20799,24814,2018.2
64285,1039.5,1347.4,17396,16985,16106,12432,19881,44711,37758,21201,26359,2025.5
82916,1039.5,1355.9,17385,16985,16093,12418,19546,44288,37518,20301,24269,2033.1
72090,1039.5,1365.2,17319,16985,16017,12342,19593,44351,37642,20424,29427,2041.3
97724,1039.5,1375.2,17254,16985,15941,12267,19131,43688,36310,19280,29316,2051.4
81655,1039.5,1383.1,17320,16985,16018,12342,19497,44223,37388,20178,29615,2061.8
90457,1039.5,1390,17403,16985,16115,12441,19504,44235,37413,20201,27987,2070.3
69003,1039.5,1396.5,17463,16985,16181,12512,19949,44794,36761,21406,25044,2077.1
79995,1039.5,1402.4,17306,16768,16047,12594,19861,44692,37942,21163,23928,2083
82772,1039.5,1408.1,16346,15798,15162,12648,19847,44674,38118,21211,31827,4662.5
1.0163e+05,1039.5,1414,17459,16985,16177,12507,19356,44030,37010,19910,33988,4671.1
91342,1039.5,1420.7,17358,16985,16062,12387,19306,43958,36863,19784,36897,4683.1
1.1578e+05,1039.5,1428.8,17214,16985,15893,12222,18699,42960,34831,18395,40223,4700.6
1.116e+05,1039.5,1437.5,17111,16985,15770,12108,18672,42911,34724,18337,43786,4721.8
1.1607e+05,1039.5,1446.2,17053,16985,15702,12046,18561,42700,34289,18110,44524,4744.4
1.1595e+05,1039.5,1455,17078,16985,15732,12073,18597,42769,34433,18183,44524,4766.4
1.163e+05,1039.5,1462.2,17144,16985,15810,12144,18706,42972,34853,18407,44524,4786.7
1.1625e+05,1039.5,7625.4,17203,16985,15880,12209,18819,43175,35263,18645,44524,4804.8
1.1655e+05,1039.5,7484.9,17190,16985,15865,12195,18863,43252,35420,18741,42196,4821.1
1.1633e+05,1039.5,7548.6,17190,16985,15865,12195,18914,43339,35590,18849,40218,4834.9
1.1626e+05,1039.5,7567.2,17332,16985,16032,12357,19099,43642,36210,19273,36506,4845.3
1.0943e+05,1039.5,7576.5,17416,16985,16129,12456,19306,43958,36849,19773,31790,4853.1
92640,1039.5,7564.1,17448,16985,16165,12494,19610,44381,37693,20554,29003,4859.8
81169,1039.5,7521.7,17431,16985,16146,12473,19762,44573,38076,20965,30219,4866.8
98072,1039.5,7534.5,17374,16985,16081,12406,19426,44131,37206,20085,37776,4875
86833,1039.5,7553.7,17425,16985,16140,12467,19650,44432,37811,20676,41760,4884.9
97425,1039.5,7564.1,17452,16985,16169,12499,19508,44244,37446,20309,42434,4896
83812,1039.5,7567.2,17443,16985,16159,12488,19709,44508,37970,20847,42355,4906.1
94133,1039.5,7570.3,17417,16985,16130,12457,19512,44251,37461,20323,40984,4915.2
84413,1039.5,7574.9,17396,16985,16107,12432,19626,44403,37763,20626,40464,4923.4
93394,1039.5,7578.9,17390,16985,16099,12424,19483,44212,37383,20249,40756,4930.6
84851,1039.5,7584.6,17376,16985,16083,12408,19626,44403,37765,20628,43033,4937.4
87034,1039.5,7594.5,17399,16985,16110,12435,19637,44417,37792,20656,41689,4943.3
79650,1039.5,7603,17423,16985,16137,12464,19800,44623,38191,21097,39941,4948.2
77559,1039.5,7611.8,17481,16985,16202,12534,19906,44749,37264,21388,38054,4952.4
74218,1039.5,7247.9,17505,16985,16228,12563,19997,44853,36024,21645,35452,4955.9
77176,1039.5,7612.7,17485,16985,16206,12539,19948,44799,36683,21508,35439,4959.2
76897,1039.5,6748.9,17483,16985,16204,12537,19974,44828,36325,21583,37840,4962.6
73135,1039.5,5999.1,17502,16985,16225,12560,20075,44940,34921,21876,34771,4965.6
68668,1039.5,7610.3,16308,15761,15128,12650,20250,41802,32440,22413,31353,5514.1
45481,1039.5,7605.5,10697,10193,9923.1,9549,17859,28171,22623,16884,29355,5516.6
43916,1039.5,7600.1,10028,9540.3,9299.8,8964.3,17164,27028,21763,16297,23903,5518.7
41894,1039.5,7594.1,10706,10202,9931.4,9556.9,17345,27322,21975,16442,23906,5520.4
41370,1039.5,7587.4,10433,9935.1,9676.8,9318.2,17054,26843,21611,16192,28947,5521.9
41625,1039.5,7580,10012,9524.4,9284.6,8950.1,16667,26217,21151,15875,30233,5523.5
39408,1039.5,7572.1,9510.7,9036.3,8817.3,8510.8,15811,24812,20096,15140,29116,5525
36944,1039.5,7564,9023,8562.7,8362.6,8082.6,14982,23463,19101,14436,31157,5526.1
36640,1039.5,7554.9,8606,8158.7,7973.8,7715.9,14579,22807,18600,14078,31029,5527
35485,1039.5,7545.8,8279.9,7843.4,7669.8,7428.7,14042,21933,17942,13604,39501,5527.7
31276,1039.5,7536,8136.2,7704.7,7535.9,7302.1,13022,20287,16706,12702,38435,5528.3
32351,1039.5,7526.1,8030.9,7603,7437.7,7209.2,13082,20383,16776,12753,37645,5528.7
31273,1039.5,7516.3,7813.4,7393.2,7234.9,7017.2,12643,19675,16236,12354,35107,5528.9
29389,1039.5,7507.8,7693.6,7277.8,7123.3,6911.5,12152,18891,15560,11851,35043,5528.9
27959,1039.5,7498.1,7320.9,6918.9,6775.8,6581.9,11608,18019,14866,11329,34580,5528.8
29267,1039.5,7488,6968.8,6580.6,6447.7,6270.1,11659,18097,14914,11365,38062,5528.4
32121,1039.5,7477.9,6741.5,6362.5,6235.8,6068.6,12091,18786,15492,11800,37451,5527.9
28538,1039.5,7467.5,6566.6,6194.9,6073,5913.5,11188,17342,14445,11009,35914,5527.4
25476,1039.5,7456.6,6348.8,5986.3,5870.1,5720,10406,16097,13504,10288,37335,5526.9
26113,1039.5,7445.5,6140.5,5787,5676.1,5534.9,10384,16061,13477,10267,36239,5526.3
24361,1039.5,7434.1,6014.9,5666.9,5559.1,5423.1,9880,15261,12874,9798.9,37364,5525.6
26859,1039.5,7422.6,5938.4,5593.8,5487.9,5355.1,10271,15882,13344,10164,35495,5524.8
22385,1039.5,7410.3,5931.2,5587,5481.2,5348.7,9278.6,14309,12151,9232,33703,5523.8
24006,1039.5,7398.4,5774.2,5437,5335,5208.9,9495.3,14651,12411,9436.4,33224,5522.8
25400,1039.5,7386.2,5633.7,5303,5204.3,5083.7,9685.1,14950,12639,9615.2,32351,5521.8
24829,1039.5,7374.3,5538.2,5211.9,5115.5,4998.6,9554.9,14744,12479,9489.6,32646,5520.6
25548,1039.5,7362.3,5486.6,5162.7,5067.4,4952.6,9682.6,14946,12631,9608.9,40235,5519.5
25590,1039.5,7350.3,5474,5150.7,5055.7,4941.3,9657.2,14905,12602,9585.9,36386,5518.4
27464,959.27,7338.7,5550.6,5223.7,5127,5009.6,10055,15534,13072,9952.5,37387,5517.4
27230,865.99,7326.6,5506.4,5181.6,5085.9,4970.3,9930.9,15337,12926,9839,35858,5516.4
27281,826.56,7313.9,5379.1,5060.3,4967.5,4856.7,9831.7,15180,12807,9746.5,31350,5515.4
24448,839.45,7300.8,5233.4,4921.5,4831.9,4726.7,8891.3,13731,11649,9346.2,32165,2223.4
21551,797.75,7287.4,7906.3,7482.8,7321.6,7099.3,10042,15554,13031,10419,32856,2224
22005,829.59,7273.9,9603.6,9126.6,8903.8,8592.2,11279,17523,14516,11547,33014,2224.4
20367,924.38,7260.3,7840.3,7419.1,7260,7041,9797.1,15166,12729,10186,35239,2224.8
21477,963.82,7246.5,7789.3,7369.9,7212.4,6995.9,9983,15457,12943,10351,35761,2225.2
20291,900.88,7232.4,5986.8,5640.1,5533,5398.1,8508.8,13128,11177,8973.8,37317,2225.6
20214,853.1,7218.3,3748.6,3513,3453.1,3396.9,6984.1,10736,9399.2,7548.7,36575,2225.9
20836,709.78,7203.9,3692,3459.4,3400.6,3346,7043.6,10828,9475.7,7610.9,36308,2226.3
18820,613.48,7189.3,3623.4,3394.6,3337,3284.3,6564.4,10081,8905.1,7145.4,33263,2226.6
17224,618.02,7174.6,3575.6,3349.4,3292.7,3241.4,6206.8,9523.5,8481.3,6797,32285,2226.9
19942,665.04,7159.7,3531.3,3307.6,3251.7,3201.5,6760.9,10385,9133.2,7332,32117,2227.2
16461,693.1,7144.7,3489.7,3268.3,3213.1,3164.1,5983.2,9172.6,8214.4,6576.3,33340,2227.4
16460,703.71,7129.6,3457.4,3237.8,3183.2,3135,5932.9,9092.3,8150.3,6523.2,34428,2227.6
16461,618.02,7114.2,3409.3,3192.4,3138.7,3091.8,5872.5,8994.5,8081.7,6466.3,33826,2227.7
16458,627.12,7098.8,3368.6,3154,3101,3055.2,5852.5,8963.6,8053.8,6443.1,33382,2227.9
19944,654.42,7083.3,3339.4,3126.5,3073.9,3028.9,6597.5,10119,8900.6,7141.7,33061,2228
20932,575.56,7067.6,3584.8,3358.2,3301.3,3249.7,6960.6,10683,9323.4,7487.1,32507,2228.1
20472,527.79,7051.6,3554.4,3329.4,3273.1,3222.3,6829,10476,9166.4,7359.1,31372,2228.2
17696,536.89,7035.6,3524.8,3301.5,3245.7,3195.7,6217.3,9524.2,8438,6761.2,31679,2228.3
19167,551.29,7019.4,3506.7,3284.4,3228.9,3179.4,6512.7,9981,8787,7048.5,31990,2228.4
18989,584.66,7003.2,3492.4,3270.8,3215.6,3166.5,6460.7,9899,8723.1,6996.1,31134,2228.4
19672,643.05,6986.8,3470.1,3249.8,3195,3146.5,6593.7,10105,8893.2,7135.7,30941,2228.5
21296,687.03,6970.4,3446.2,3227.3,3172.9,3125,6949.2,10658,9342.7,7502.7,30501,2228.5
18166,797.75,6953.8,3427.6,3209.7,3155.6,3108.2,6314.5,9668,8589.7,6886.3,31350,2228.5
21414,755.28,6937,3429.9,3211.9,3157.7,3110.3,7002.2,10738,9394.9,7545.2,32345,2228.5
20028,673.38,6920.1,3419.7,3202.2,3148.3,3101.1,6684.4,10243,9028.3,7246.3,32965,2228.6
20585,608.17,6903.1,3390.6,3174.7,3121.3,3074.9,6771.6,10378,9130,7329.3,32527,2228.6
19835,565.7,6886.1,3362.3,3148,3095.1,3049.5,6595.1,10104,8913.8,7152.6,32568,2228.6
18298,494.42,6868.9,3346.2,3132.9,3080.2,3035,6240.1,9551.8,8483.9,6799.1,32879,2228.6
21861,476.98,6851.6,3334.1,3121.5,3069,3024.1,6986.4,10714,9359,7516,32220,2228.6
33666,536.89,6834.3,3330,3117.6,3065.3,3020.4,9539.7,14726,12374,9911.6,30589,2228.6
16244,537.64,6816.9,3327.6,3115.4,3063,3018.3,6242.6,9554.5,8497.3,7187.5,30517,2228.6
16239,508.07,6799.7,4156.1,3898.5,3831,3762.7,6811.5,10440,9172.1,7736.5,30603,2228.6
16236,537.64,5404.8,4174.5,3915.9,3848.1,3779.2,6804.3,10429,9162.2,7728.5,31778,2228.6
16238,492.9,1306.6,3905.9,3661.7,3598.9,3538.2,6624,10153,8962.3,7566.5,32698,2228.6
16242,448.16,1306.5,3176.4,2972.8,2923,2882.1,6148.6,9412.1,8394.8,7103.6,32245,2228.6
16238,522.48,1306.5,3310.7,3099.4,3047.3,3003,6280.7,9619.2,8556.7,7236.1,33477,2228.6
16237,582.38,1306.6,3343.9,3130.7,3078,3032.9,6325.7,9688,8614.9,7283.6,31858,2228.7
16237,522.48,1307.1,3947.4,3701,3637.5,3575.5,6732.4,10322,9097.1,7675.7,31160,2228.6
16237,433,1307.2,4432.5,4160.5,4087.6,4010.4,7044.2,10808,9490.8,7993.7,30179,2228.6
16234,403.42,1307.1,3989.4,3740.7,3676.4,3613.2,6718.9,10299,9106,7683,29514,2228.7
16228,388.26,1307,3655.8,3425.2,3367,3313.5,6482.6,9934.7,8831.7,7460.3,29102,2228.6
16224,373.09,1306.8,3460.8,3241,3186.4,3138.1,6352.8,9759.9,8728,7375.9,28567,2228.6
16217,366.27,1306.6,3354.3,3140.5,3087.7,3042.3,6295,9681.2,8668.2,7327.2,27946,2228.6
16209,358.68,1306.4,3322.4,3110.4,3058.2,3013.6,6281.7,9648.4,8644.7,7308,27728,2228.5
16200,358.68,1306.2,3320.3,3108.5,3056.3,3011.7,6301.1,9663.3,8657.5,7318.4,27462,2228.5
16193,388.26,1306,3305.8,3094.8,3042.8,2998.6,6299.3,9656.7,8649.5,7311.9,27255,2228.4
16185,477.74,1305.8,3273.8,3064.6,3013.2,2969.9,6283.6,9630.5,8638.4,7302.8,27076,2228.3
16181,687.03,1305.6,3240.5,3033.1,2982.3,2939.8,6310.5,9671.4,8666.6,7325.8,27316,2228.2
16181,597.55,1305.5,3263.1,3054.5,3003.3,2960.2,6350.5,9731.3,8720.9,7370.1,27344,2228.1
16182,477.74,1305.5,3455.4,3235.9,3181.3,3133.2,6455.9,9896.4,8842,7468.7,27630,2228.1
16191,403.42,1305.4,3568.5,3342.8,3286.2,3235,6512.1,9984.7,8915,7528,27815,2228.1
16200,477.74,1305.3,3548.4,3323.7,3267.5,3216.9,6529.7,10013,8936.2,7545.2,28164,2228.2
16220,522.48,1305.5,3535.2,3311.3,3255.3,3205,6546.4,10039,8954.6,7560.2,29065,2228.3
23578,463.33,1305.8,3770.3,3533.5,3473.2,3416.4,8290.9,12768,11024,9213.1,28247,2228.3
30576,433,1305.8,3698.5,3465.6,3406.6,3351.9,9727.6,15040,12736,10540,28111,2228.4
29525,373.09,1305.7,3533.6,3309.8,3253.8,3203.6,9379.1,14494,12433,10308,27292,2228.4
27849,351.1,1305.6,3455.9,3236.4,3181.8,3133.7,8963.4,13839,11957,9940.8,27580,2228.4
27878,335.93,1305.4,3412.8,3195.7,3141.9,3094.9,8918.8,13770,11903,9899.3,28280,2228.4
29743,328.35,1305.2,3362.4,3148.1,3095.2,3049.6,9271.6,14327,12238,10158,28948,2228.4
30252,316.97,1304.9,3315.9,3104.3,3052.1,3007.7,9337,14429,12223,10146,29212,2228.4
31715,291.19,1304.7,3309.2,3097.9,3045.9,3001.7,9732.2,15029,12701,10787,29262,2228.3
36831,282.85,1304.5,2828.1,2644.6,2600.8,2568.1,10502,16249,13623,11483,29102,2228.3
37709,258.58,1304.2,2785.7,2604.7,2561.6,2529.9,10645,16475,13743,11574,29118,2228.3
35662,266.93,1304,2766,2586.1,2543.3,2512,10212,15789,13199,11165,29438,2228.2
34867,274.51,1303.8,2729.9,2552.2,2510,2479.5,9996.6,15446,12936,10966,30427,2228.2
37732,282.85,1303.8,2734.1,2556.1,2513.9,2483.3,10613,16424,13671,11522,30066,2228.2
36563,242.66,1303.8,2849.8,2665,2620.8,2587.6,10491,16231,13529,11414,28640,2228.1
35757,218.39,1303.7,2869.8,2683.9,2639.3,2605.7,10338,15988,13333,11267,27739,2228.1
35006,218.39,1303.5,2894.5,2707.1,2662.2,2628,10195,15762,13159,11137,27384,2228.1
35311,266.93,1303.6,3240.9,3033.5,2982.7,2940.2,10612,16424,13667,11522,27464,2228.1
35350,250.24,1303.7,3320.7,3108.8,3056.6,3012,10798,16722,13950,11732,27304,2228
32714,242.66,1303.6,3162.7,2959.8,2910.3,2869.7,9987.8,15437,13044,11050,27301,2228
32698,234.32,1303.5,3161.8,2959,2909.5,2869,9923.1,15334,13005,11019,27095,2227.9
32642,218.39,1303.4,3171.6,2968.2,2918.6,2877.8,9878.9,15268,12955,10980,26834,2227.9
32088,210.05,1303.2,3073.6,2875.9,2827.9,2789.5,9718.8,15019,12767,10836,26746,2227.8
31594,202.47,1303,3004,2810.2,2763.5,2726.7,9569.7,14782,12584,10698,26763,2227.7
31371,202.47,1302.8,2970.6,2778.8,2732.5,2696.6,9504.9,14680,12489,10625,26868,2227.6
32455,194.13,1302.5,3084.2,2885.8,2837.7,2799,9790.4,15131,12813,10873,27019,2227.5
31389,202.47,1302.3,3336.5,3123.7,3071.2,3026.2,9720.3,15020,12733,10812,27478,2227.4
33434,214.6,1302.1,3366,3151.5,3098.5,3052.8,10193,15768,13307,11253,27459,2227.3
33311,222.19,1302,3466,3246,3191.2,3142.8,10245,15852,13370,11307,27787,2227.1
34117,239.63,1302,3491,3269.6,3214.4,3165.3,10443,16167,13608,11487,27778,2227
33841,254.03,1302,3508.1,3285.7,3230.2,3180.7,10400,16104,13565,11480,27662,2226.9
34415,261.62,1302.2,3530.7,3307,3251.1,3201,10567,16370,13779,11641,27703,2226.8
34217,245.69,1302.6,3607.2,3379.3,3322,3269.8,10653,16510,13880,11704,27704,2226.7
34818,231.29,1302.7,3568.6,3342.8,3286.2,3235.1,10716,16611,13952,11748,27455,2226.5
34017,216.88,1302.7,3479.3,3258.5,3203.5,3154.7,10442,16179,13622,11493,27132,2226.4
33834,216.88,1302.7,3384.7,3169.2,3115.9,3069.7,10295,15947,13442,11355,26875,2226.3
32707,214.6,1302.6,3329.4,3117,3064.7,3019.9,9986.7,15455,13071,11074,26900,2226.1
32256,211.57,1302.5,3333.4,3120.8,3068.4,3023.5,9877.9,15281,12939,10973,26892,2225.9
32634,209.29,1302.3,3354.2,3140.5,3087.7,3042.2,9958.3,15406,13025,11038,26911,2225.8
31421,209.29,1302.2,3308.7,3097.5,3045.5,3001.2,9491.6,14663,12505,10877,26913,2225.6
27365,264.65,1302.1,4075.7,3822.4,3756.5,3690.6,9131.5,14096,12075,10548,26840,2225.4
26389,261.62,1302,4072.4,3819.3,3753.4,3687.6,8912.3,13750,11861,10383,26867,2225.2
27369,258.58,1301.8,4034.8,3783.7,3718.5,3653.9,9091.8,14033,12125,10591,26795,2225
28223,258.58,1301.7,3999.7,3750.5,3686,3622.4,9251.4,14283,12323,10761,26826,2224.9
28078,264.65,1301.6,4036,3784.8,3719.6,3655,9245.4,14273,12324,10783,26857,2224.7
27614,261.62,1301.8,4106.7,3851.7,3785.2,3718.4,9190.8,14186,12268,10738,26857,2224.5
28065,270.72,1301.8,4151.1,3893.8,3826.4,3758.2,9320.5,14390,12417,10895,26905,5663.8
32193,292.71,1301.9,4132.9,3876.6,3809.6,3741.9,10201,15785,13477,11732,26582,6218.8
32985,285.13,1302.4,4155.4,3897.8,3830.4,3762.1,10384,16078,13670,11855,26026,6240.5
32451,278.3,1302.7,4276.4,4012.5,3942.8,3870.6,10360,16042,13643,11949,26070,6236.2
32457,285.13,1303.2,4303,4037.7,3967.4,3894.5,10384,16081,13717,12175,25980,6218.5
31512,282.09,1304,4467.8,4194,4120.5,4042.1,10283,15926,13610,11922,26196,6189.1
31796,270.72,1304.5,4418.7,4147.4,4074.8,3998.1,10301,15961,13546,11808,26001,6163.7
29947,264.65,1304.8,4277.7,4013.8,3944,3871.8,9806.7,15187,12922,11320,26593,6134.6
30934,292.71,1305,4200.6,3940.6,3872.3,3802.6,9971,15441,13180,11827,25774,6117.3
32131,328.35,1305.8,4247.9,3985.5,3916.2,3845,10278,15920,13592,12018,26097,6112.4
32124,313.94,1306.5,4363.1,4094.7,4023.2,3948.3,10351,16034,13681,12123,26066,6121.1
31523,299.53,1307,4348.3,4080.7,4009.5,3935.1,10217,15819,13577,12019,25963,6103.1
31237,296.5,1307.5,4300.4,4035.3,3965,3892.1,10137,15692,13490,11913,26105,6089.3
31568,273.75,1308,4257.6,3994.7,3925.3,3853.7,10160,15728,13508,11845,26469,6085.2
31888,234.32,1308.1,4143.9,3886.9,3819.7,3751.7,10110,15648,13438,11718,25795,5867.7
30319,261.62,1308.1,3954.4,3707.6,3644,3581.8,9642.7,14909,12880,11303,25287,5541.8
30076,270.72,1309,4018.1,3767.9,3703,3638.9,9637.1,14905,12945,12791,25399,5373.8
30945,282.09,1313,5431.3,5110,5016,4903.2,10792,16734,14517,13297,25650,5538.9
31263,292.71,1315.3,6056.3,5706.5,5597.7,5460,11349,17654,15125,13347,25514,5808.1
33249,278.3,1316.7,5574.1,5246.1,5148.8,5030.6,11497,17943,15269,13336,25133,5759.3
31250,261.62,1317.9,5222.1,4910.8,4821.4,4716.6,10825,16848,14430,12629,24773,5667.4
32428,249.48,1318.8,4986.4,4686.5,4602.3,4506.1,10896,16948,14482,12601,24696,5577.2
31965,252.52,1319.7,4864.6,4570.7,4489.1,4397.2,10696,16629,14231,12394,24518,5656.4
31738,252.52,1320.6,4875.4,4581,4499.1,4406.8,11225,17430,14868,13384,24387,9246.4
36962,363.23,1321.4,4678.6,4394.1,4316.3,4230.8,12158,18920,16012,14134,24518,9271.6
35615,363.23,1322,4555.8,4277.5,4202.2,4120.9,11743,18252,15579,13843,24620,9291.5
38798,354.13,1322.6,4461.8,4188.3,4114.9,4036.7,12333,19191,16298,14287,24832,9234.9
38077,335.93,1323,4363.9,4095.5,4024,3949,12035,18712,15935,14144,24708,9173.7
40048,349.58,1323.4,4287.6,4023.1,3953.1,3880.6,12404,19301,16390,14819,24798,9111.2
39409,367.78,1324.1,4432.7,4160.7,4087.9,4010.7,12537,19512,16520,15487,24753,9331.6
45600,381.43,6869.8,4927.5,4630.5,4547.5,4453.4,14451,22603,18807,16951,24802,9510.1
43525,345.03,6860.1,6178.8,5823.6,5711.7,5568.9,14721,23062,19143,16853,24862,9537.4
40960,354.13,6848.9,5943,5598.3,5492.2,5359.2,13902,21737,18065,15964,24583,9392.6
38503,349.58,6837.1,5805.7,5467.2,5364.4,5237,13236,20656,17213,15422,24648,9296
40121,340.48,6824.8,5661.5,5329.5,5230.2,5108.5,13428,20959,17397,15353,24714,9191.3
38838,331.38,6811.4,5440.1,5118.4,5024.2,4911.1,12940,20171,16845,14892,24681,9090.2
37051,322.28,6796.9,5180.2,4870.9,4782.5,4679.2,12351,19220,16257,14464,24702,9030.2
36550,322.28,6783.2,5150,4842.2,4754.4,4652.3,12233,19025,16189,14458,24861,9045.8
35616,322.28,6769.9,5372.9,5054.4,4961.7,4851.2,12195,18965,16188,14525,25029,9065.7
37622,317.73,6756.3,5470.5,5147.4,5052.4,4938.2,12666,19721,16741,14826,25096,9083.2
37719,309.39,6742,5365.6,5047.4,4954.9,4844.7,12596,19609,16535,14540,25236,9095.9
39301,300.29,6726.6,5173.7,4864.7,4776.4,4673.4,12752,19857,16634,14555,25415,9035.5
37637,300.29,6711.3,5017.1,4715.7,4630.8,4533.5,12270,19077,16092,14199,24661,8894.2
40488,291.19,6696.3,4954.8,4656.4,4572.9,4477.8,12813,19945,16777,14657,24509,8789.4
38946,268.44,6681,4910.9,4614.7,4532.1,4438.5,12412,19301,16197,14201,24335,8616
39664,286.64,6664.7,5015.1,4713.8,4629,4531.7,12605,19612,16321,14258,24223,8404.2
39443,286.64,6649.1,5031.1,4729,4643.8,4546,12576,19572,16277,14224,24193,8269.1
38070,277.54,6634.6,5077.1,4772.8,4686.6,4587.1,12293,19117,15905,13935,24227,8134.4
38726,271.48,6619.5,5194.7,4884.7,4796,4692.1,12503,19452,16054,14029,24246,8224.6
38960,256.31,6603,5191,4881.1,4792.5,4688.8,12552,19530,16071,14037,24317,8314
39976,241.14,6587.1,5095.4,4790.2,4703.7,4603.5,12719,19796,16275,14210,24503,8402.6
39875,225.98,6572.3,5099.3,4793.9,4707.2,4606.9,12708,19778,16266,14254,24669,8488.6
42674,216.88,6557.4,5190.5,4880.7,4792,4688.4,13364,20833,17065,15470,24920,8579.5
42986,272.99,6542.1,5271.3,4957.6,4867.2,4760.5,13619,21246,17399,16532,25029,8636.5
